t_rosco,torque_offset_nm,gen_tq_meas_nm,f_grid_hz
0.0,0.0,0.0,50.0
0.0,0.0,0.0,50.0
0.0,0.0,0.0,50.0
0.01,-0.0,19786770.0,50.00038926170256
0.02,-0.0,19786770.0,50.000808392159946
0.03,-0.0,19786770.0,50.00133225301838
0.04,-0.0,19786770.0,50.001936315505034
0.05,-0.0,19786770.0,50.001936315505034
0.06,-0.0,19786780.0,50.003310049506176
0.07,-0.0,19786790.0,50.003310049506176
0.08,-0.0,19786800.0,50.00481101752452
0.09,-0.0,19786810.0,50.005582332930864
0.1,-0.0,19786830.0,50.006356327956006
0.11,-0.0,19786850.0,50.00712603717831
0.12,-0.0,19786880.0,50.007885416213306
0.13,-0.0,19786920.0,50.00862920775615
0.14,-0.0,19786960.0,50.00935284242208
0.15,-0.0,19787000.0,50.01005236501058
0.16,-0.0,19787060.0,50.01072437883296
0.17,-0.0,19787120.0,50.01072437883296
0.18,-0.0,19787190.0,50.01197484603579
0.19,-0.0,19787260.0,50.01197484603579
0.2,-0.0,19787350.0,50.012548956367354
0.21,-0.0,19787440.0,50.01308682672234
0.22,-0.0,19787540.0,50.013587354557366
0.23,-0.0,19787660.0,50.014049829175136
0.24,-0.0,19787780.0,50.01447391331614
0.25,-0.0,19787910.0,50.014859625019824
0.26,-0.0,19788060.0,50.0152073194206
0.27,-0.0,19788210.0,50.01551766975728
0.28,-0.0,19788380.0,50.01579164802329
0.29,-0.0,19788560.0,50.016030504881726
0.3,-0.0,19788750.0,50.01623574856586
0.31,-0.0,19788960.0,50.016409123092906
0.32,-0.0,19789180.0,50.01655258582216
0.33,-0.0,19789410.0,50.016668284258195
0.34,-0.0,19789650.0,50.01675853232383
0.35,-0.0,19789910.0,50.016825786340725
0.36,-0.0,19790180.0,50.016872620454976
0.37,-0.0,19790470.0,50.01690170196487
0.38,-0.0,19790770.0,50.016915766870476
0.39,-0.0,19791090.0,50.01691759546546
0.4,-0.0,19791420.0,50.01690998808416
0.41,-0.0,19791770.0,50.01689574141921
0.42,-0.0,19792130.0,50.01687762550881
0.43,-0.0,19792510.0,50.01685836139366
0.44,-0.0,19792910.0,50.016840599745116
0.45,-0.0,19793320.0,50.016826900340995
0.46,-0.0,19793750.0,50.016819712810346
0.47,-0.0,19794200.0,50.01682135875596
0.48,-0.0,19794660.0,50.01683401500051
0.49,-0.0,19795150.0,50.01685969840879
0.5,-0.0,19795650.0,50.01690025240138
0.51,-0.0,19796170.0,50.016957334845166
0.52,-0.0,19796700.0,50.017032407701635
0.53,-0.0,19797260.0,50.01712672858537
0.54,-0.0,19797830.0,50.01724134412454
0.55,-0.0,19798420.0,50.0173770850715
0.56,-0.0,19799030.0,50.017534563306555
0.57,-0.0,19799660.0,50.01771417070625
0.58,-0.0,19800310.0,50.017916079901404
0.59,-0.0,19800980.0,50.01814024694172
0.6,-0.0,19801670.0,50.01838641560899
0.61,-0.0,19802380.0,50.01865412358519
0.62,-0.0,19803110.0,50.018942710429734
0.63,-0.0,19803860.0,50.019251326880564
0.64,-0.0,19804630.0,50.01957894575996
0.65,-0.0,19805420.0,50.019924374203384
0.66,-0.0,19806230.0,50.02028626714372
0.67,-0.0,19807060.0,50.02066314198507
0.68,-0.0,19807910.0,50.02105339387221
0.69,-0.0,19808780.0,50.021455311916654
0.7,-0.0,19809670.0,50.02186709611066
0.71,-0.0,19810590.0,50.02228687439434
0.72,-0.0,19811520.0,50.02271272005186
0.73,-0.0,19812480.0,50.02314266913758
0.74,-0.0,19813460.0,50.023574737795876
0.75,-0.0,19814460.0,50.024006939353484
0.76,-0.0,19815480.0,50.02443730081267
0.77,-0.0,19816520.0,50.02486387894316
0.78,-0.0,19817590.0,50.02528477554351
0.79,-0.0,19818670.0,50.025698151838846
0.8,-0.0,19819780.0,50.0261022420973
0.81,-0.0,19820910.0,50.02649536615128
0.82,-0.0,19822060.0,50.026875940768555
0.83,-0.0,19823230.0,50.02724249007199
0.84,-0.0,19824430.0,50.027593654747236
0.85,-0.0,19825650.0,50.027928199920126
0.86,-0.0,19826890.0,50.028245021922345
0.87,-0.0,19828150.0,50.0285431537806
0.88,-0.0,19829430.0,50.028821769691525
0.89,-0.0,19830740.0,50.029080188278655
0.9,-0.0,19832070.0,50.02931787463717
0.91,-0.0,19833420.0,50.02953444117496
0.92,-0.0,19834790.0,50.02972964741704
0.93,-0.0,19836190.0,50.02990339898091
0.94,-0.0,19837600.0,50.03005574527998
0.95,-0.0,19839040.0,50.03018687638387
0.96,-0.0,19840500.0,50.03029711899423
0.97,-0.0,19841990.0,50.03038693139481
0.98,-0.0,19843490.0,50.03045689764987
0.99,-0.0,19845020.0,50.03050772100599
1.0,-0.0,19846570.0,50.030540216545695
1.01,-0.0,19848140.0,50.03055530314222
1.02,-0.0,19849740.0,50.03055399484539
1.03,-0.0,19851360.0,50.030537391503685
1.04,-0.0,19853000.0,50.030506668984096
1.05,-0.0,19854660.0,50.030463068975614
1.06,-0.0,19856340.0,50.03040788819134
1.07,-0.0,19858050.0,50.03034246753116
1.08,-0.0,19859770.0,50.03026818090294
1.09,-0.0,19861520.0,50.03018642395022
1.1,-0.0,19863290.0,50.030098602713466
1.11,-0.0,19865090.0,50.030006122390525
1.12,-0.0,19866900.0,50.02991037622893
1.13,-0.0,19868740.0,50.029812734643365
1.14,-0.0,19870590.0,50.029714534841844
1.15,-0.0,19872470.0,50.029617070828
1.16,-0.0,19874380.0,50.02952158396168
1.17,-0.0,19876300.0,50.029429254088186
1.18,-0.0,19878240.0,50.02934119149085
1.19,-0.0,19880210.0,50.02925842968946
1.2,-0.0,19882190.0,50.02918191892719
1.21,-0.0,19884200.0,50.02911252065759
1.22,-0.0,19886230.0,50.02905100301853
1.23,-0.0,19888280.0,50.028998037098695
1.24,-0.0,19890350.0,50.02895419426929
1.25,-0.0,19892450.0,50.02891994445429
1.26,-0.0,19894560.0,50.02889565528229
1.27,-0.0,19896690.0,50.02888159231058
1.28,-0.0,19898850.0,50.02887792001992
1.29,-0.0,19901020.0,50.028884703657525
1.3,-0.0,19903220.0,50.02890191183925
1.31,-0.0,19905430.0,50.02892941980996
1.32,-0.0,19907670.0,50.028967013439186
1.33,-0.0,19909930.0,50.02901439379721
1.34,-0.0,19912200.0,50.02907118224497
1.35,-0.0,19914500.0,50.029136925969866
1.36,-0.0,19916820.0,50.02921110397632
1.37,-0.0,19919150.0,50.02929313321612
1.38,-0.0,19921510.0,50.02938237501816
1.39,-0.0,19923880.0,50.02947814185374
1.4,-0.0,19926280.0,50.02957970407908
1.41,-0.0,19928690.0,50.02968629694463
1.42,-0.0,19931130.0,50.02979712745205
1.43,-0.0,19933580.0,50.02991138134782
1.44,-0.0,19936050.0,50.03002823009862
1.45,-0.0,19938540.0,50.03014683766337
1.46,-0.0,19941050.0,50.030266367147625
1.47,-0.0,19943580.0,50.0303859875016
1.48,-0.0,19946130.0,50.030504879899965
1.49,-0.0,19948690.0,50.03062224388647
1.5,-0.0,19951280.0,50.03073730339992
1.51,-0.0,19953880.0,50.0308493123785
1.52,-0.0,19956500.0,50.03095756014022
1.53,-0.0,19959140.0,50.03106137641837
1.54,-0.0,19961790.0,50.03116013602044
1.55,-0.0,19964470.0,50.031253263078355
1.56,-0.0,19967160.0,50.0313402348596
1.57,-0.0,19969870.0,50.03142058503379
1.58,-0.0,19972590.0,50.031493906543325
1.59,-0.0,19975340.0,50.03155985393164
1.6,-0.0,19978100.0,50.031618145144726
1.61,-0.0,19980870.0,50.03166856275624
1.62,-0.0,19983670.0,50.03171095464053
1.63,-0.0,19986480.0,50.03174523405549
1.64,-0.0,19989300.0,50.03177137909556
1.65,-0.0,19992140.0,50.03178943166555
1.66,-0.0,19995000.0,50.03179949590293
1.67,-0.0,19997880.0,50.03180173614747
1.68,-0.0,20000770.0,50.03179637416304
1.69,-0.0,20003670.0,50.03178368611797
1.7,-0.0,20006590.0,50.0317639992376
1.71,-0.0,20009530.0,50.03173768777769
1.72,-0.0,20012480.0,50.031705168785464
1.73,-0.0,20015450.0,50.0316668977395
1.74,-0.0,20018430.0,50.03162336393668
1.75,-0.0,20021420.0,50.03157508548054
1.76,-0.0,20024430.0,50.03152260436187
1.77,-0.0,20027460.0,50.03146648151694
1.78,-0.0,20030490.0,50.03140729173434
1.79,-0.0,20033550.0,50.03134561868842
1.8,-0.0,20036610.0,50.0312820499817
1.81,-0.0,20039690.0,50.031217172486976
1.82,-0.0,20042780.0,50.03115156773149
1.83,-0.0,20045890.0,50.03108580736097
1.84,-0.0,20049000.0,50.031020449067555
1.85,-0.0,20052140.0,50.03095603272985
1.86,-0.0,20055280.0,50.030893076657804
1.87,-0.0,20058440.0,50.03083207414449
1.88,-0.0,20061600.0,50.03077349038784
1.89,-0.0,20064780.0,50.030717759704466
1.9,-0.0,20067980.0,50.03066528304275
1.91,-0.0,20071180.0,50.030616425725626
1.92,-0.0,20074390.0,50.03057151567436
1.93,-0.0,20077620.0,50.030530841820124
1.94,-0.0,20080860.0,50.03049465278478
1.95,-0.0,20084110.0,50.03046315593704
1.96,-0.0,20087360.0,50.03043651669486
1.97,-0.0,20090630.0,50.030414858289596
1.98,-0.0,20093910.0,50.0303982617294
1.99,-0.0,20097200.0,50.03038676600813
2.0,-0.0,20100500.0,50.0303803686962
2.01,-0.0,20103810.0,50.0303790268225
2.02,-0.0,20107130.0,50.03038265796823
2.03,-0.0,20110460.0,50.03039114174057
2.04,-0.0,20113800.0,50.030404321570686
2.05,-0.0,20117150.0,50.03042200668617
2.06,-0.0,20120500.0,50.03044397418228
2.07,-0.0,20123860.0,50.03049959379852
2.08,-0.0,20127240.0,50.030532453732434
2.09,-0.0,20130620.0,50.03056827470861
2.1,-0.0,20134010.0,50.03060675049669
2.11,-0.0,20137400.0,50.0306475523324
2.12,-0.0,20140810.0,50.03069033442483
2.13,-0.0,20144220.0,50.0307347388486
2.14,-0.0,20147640.0,50.03078039990345
2.15,-0.0,20151070.0,50.03082694808435
2.16,-0.0,20154500.0,50.030874013891015
2.17,-0.0,20157940.0,50.03092123138021
2.18,-0.0,20161390.0,50.03096824142913
2.19,-0.0,20164840.0,50.03101469492426
2.2,-0.0,20168300.0,50.0310602555369
2.21,-0.0,20171760.0,50.03110460237335
2.22,-0.0,20175240.0,50.031147432412716
2.23,-0.0,20178710.0,50.03118846247222
2.24,-0.0,20182190.0,50.03122743109508
2.25,-0.0,20185680.0,50.031264100225414
2.26,-0.0,20189180.0,50.031298256532075
2.27,-0.0,20192670.0,50.03132971239742
2.28,-0.0,20196180.0,50.03135830667432
2.29,-0.0,20199680.0,50.03138390527144
2.3,-0.0,20203190.0,50.03140640156464
2.31,-0.0,20206710.0,50.03142571647473
2.32,-0.0,20210230.0,50.03144179827043
2.33,-0.0,20213750.0,50.03145462224838
2.34,-0.0,20217280.0,50.03146419021716
2.35,-0.0,20220810.0,50.031470529725986
2.36,-0.0,20224350.0,50.031473693299375
2.37,-0.0,20227880.0,50.03147375732453
2.38,-0.0,20231430.0,50.03147082093184
2.39,-0.0,20234970.0,50.03146500476754
2.4,-0.0,20238520.0,50.03145644945041
2.41,-0.0,20242070.0,50.03144531416325
2.42,-0.0,20245620.0,50.031431774969036
2.43,-0.0,20249170.0,50.03141602315665
2.44,-0.0,20252730.0,50.031398263546976
2.45,-0.0,20256280.0,50.0313787125907
2.46,-0.0,20259840.0,50.03135759649481
2.47,-0.0,20263410.0,50.031335149301256
2.48,-0.0,20266970.0,50.0313116108565
2.49,-0.0,20270530.0,50.031287224857316
2.5,-0.0,20274100.0,50.031262236940734
2.51,-0.0,20277660.0,50.03123689262075
2.52,-0.0,20281230.0,50.031211435346414
2.53,-0.0,20284800.0,50.03118610457633
2.54,-0.0,20288370.0,50.031161133846624
2.55,-0.0,20291940.0,50.031136748988104
2.56,-0.0,20295510.0,50.0311131664976
2.57,-0.0,20299080.0,50.03109059190868
2.58,-0.0,20302650.0,50.03106921822401
2.59,-0.0,20306220.0,50.03104922456213
2.6,-0.0,20309780.0,50.031030774871525
2.61,-0.0,20313350.0,50.03101401697106
2.62,-0.0,20316920.0,50.030999081635365
2.63,-0.0,20320490.0,50.03098608181327
2.64,-0.0,20324060.0,50.030975112163475
2.65,-0.0,20327620.0,50.03096624861123
2.66,-0.0,20331190.0,50.03095954811173
2.67,-0.0,20334750.0,50.030955048743685
2.68,-0.0,20338320.0,50.03095276994481
2.69,-0.0,20341880.0,50.03095271275754
2.7,-0.0,20345440.0,50.03095486025971
2.71,-0.0,20349000.0,50.0309591782203
2.72,-0.0,20352550.0,50.03096561595607
2.73,-0.0,20356110.0,50.03097410713154
2.74,-0.0,20359660.0,50.030984570779935
2.75,-0.0,20363210.0,50.030996912450355
2.76,-0.0,20366760.0,50.03101102521499
2.77,-0.0,20370310.0,50.031026790991554
2.78,-0.0,20373850.0,50.031044081789446
2.79,-0.0,20377400.0,50.031062760946924
2.8,-0.0,20380940.0,50.031082684525316
2.81,-0.0,20384470.0,50.03110370255145
2.82,-0.0,20388010.0,50.0311256603564
2.83,-0.0,20391540.0,50.03114839995574
2.84,-0.0,20395070.0,50.031171761252494
2.85,-0.0,20398590.0,50.03119558331372
2.86,-0.0,20402120.0,50.03121970566844
2.87,-0.0,20405630.0,50.0312439693374
2.88,-0.0,20409150.0,50.031268218019164
2.89,-0.0,20412660.0,50.03129229933664
2.9,-0.0,20416170.0,50.03131606571915
2.91,-0.0,20419680.0,50.031339375431806
2.92,-0.0,20423180.0,50.031362093655254
2.93,-0.0,20426680.0,50.031384093191356
2.94,-0.0,20430180.0,50.03140525530513
2.95,-0.0,20433670.0,50.03142547045923
2.96,-0.0,20437150.0,50.031444639004796
2.97,-0.0,20440640.0,50.03146267183217
2.98,-0.0,20444120.0,50.0314794907991
2.99,-0.0,20447590.0,50.03149502908302
3.0,-0.0,20451060.0,50.031509231610826
3.01,-0.0,20454530.0,50.03152205534697
3.02,-0.0,20457990.0,50.03153346927268
3.03,-0.0,20461450.0,50.031543454521554
3.04,-0.0,20464910.0,50.031552004293204
3.05,-0.0,20468360.0,50.03155912362549
3.06,-0.0,20471800.0,50.0315648292039
3.07,-0.0,20475240.0,50.031569148913626
3.08,-0.0,20478680.0,50.03157212146881
3.09,-0.0,20482110.0,50.031573795834305
3.1,-0.0,20485540.0,50.03157423052508
3.11,-0.0,20488960.0,50.03157349289539
3.12,-0.0,20492380.0,50.03157165837305
3.13,-0.0,20495800.0,50.03156880969043
3.14,-0.0,20499200.0,50.031565035911484
3.15,-0.0,20502610.0,50.03156043152311
3.16,-0.0,20506010.0,50.03155509555477
3.17,-0.0,20509400.0,50.03154913052842
3.18,-0.0,20512790.0,50.03154264150578
3.19,-0.0,20516180.0,50.031535735124336
3.2,-0.0,20519560.0,50.031528518666114
3.21,-0.0,20522930.0,50.03152109913576
3.22,-0.0,20526300.0,50.03151358238955
3.23,-0.0,20529660.0,50.03150607229014
3.24,-0.0,20533020.0,50.03149866992578
3.25,-0.0,20536380.0,50.03149147286656
3.26,-0.0,20539730.0,50.03148457449447
3.27,-0.0,20543070.0,50.031478063377065
3.28,-0.0,20546410.0,50.031472022719505
3.29,-0.0,20549750.0,50.03146652986281
3.3,-0.0,20553070.0,50.03146165578853
3.31,-0.0,20556400.0,50.031457464839235
3.32,-0.0,20559720.0,50.03145401447146
3.33,-0.0,20563030.0,50.031451354915845
3.34,-0.0,20566340.0,50.0314495289245
3.35,-0.0,20569640.0,50.031448571726834
3.36,-0.0,20572940.0,50.03144851093789
3.37,-0.0,20576230.0,50.03144936646363
3.38,-0.0,20579520.0,50.03145115061142
3.39,-0.0,20582810.0,50.0314538682216
3.4,-0.0,20586080.0,50.03145751669542
3.41,-0.0,20589360.0,50.031462086099424
3.42,-0.0,20592620.0,50.03146755946853
3.43,-0.0,20595890.0,50.031473913052594
3.44,-0.0,20599140.0,50.03148111662424
3.45,-0.0,20602400.0,50.03148913381411
3.46,-0.0,20605640.0,50.031497922503775
3.47,-0.0,20608890.0,50.031507435242276
3.48,-0.0,20612120.0,50.03151761964346
3.49,-0.0,20615350.0,50.03152841897162
3.5,-0.0,20618580.0,50.03153977272944
3.51,-0.0,20621800.0,50.03155161712196
3.52,-0.0,20625020.0,50.03156388564511
3.53,-0.0,20628230.0,50.03157650967501
3.54,-0.0,20631440.0,50.03158941908562
3.55,-0.0,20634640.0,50.031602542856454
3.56,-0.0,20637840.0,50.03161580969684
3.57,-0.0,20641030.0,50.03162914864762
3.58,-0.0,20644220.0,50.031642489686824
3.59,-0.0,20647410.0,50.03165576437256
3.6,-0.0,20650580.0,50.03166890630764
3.61,-0.0,20653760.0,50.03168185167443
3.62,-0.0,20656930.0,50.03169453978808
3.63,-0.0,20660090.0,50.03170691345507
3.64,-0.0,20663250.0,50.03171891938708
3.65,-0.0,20666410.0,50.03173050862111
3.66,-0.0,20669560.0,50.03174163673487
3.67,-0.0,20672710.0,50.031752264182686
3.68,-0.0,20675850.0,50.031762356463595
3.69,-0.0,20678990.0,50.03177188419976
3.7,-0.0,20682120.0,50.0317808232292
3.71,-0.0,20685250.0,50.03178915473433
3.72,-0.0,20688370.0,50.03179686520806
3.73,-0.0,20691490.0,50.03180394633776
3.74,-0.0,20694610.0,50.03181039498601
3.75,-0.0,20697720.0,50.03181621304955
3.76,-0.0,20700830.0,50.03182140728594
3.77,-0.0,20703930.0,50.031825989110665
3.78,-0.0,20707030.0,50.03182997436788
3.79,-0.0,20710130.0,50.031833383077974
3.8,-0.0,20713220.0,50.03183623916511
3.81,-0.0,20716310.0,50.03183857016772
3.82,-0.0,20719390.0,50.03184040693453
3.83,-0.0,20722470.0,50.03184178330853
3.84,-0.0,20725550.0,50.03184273580106
3.85,-0.0,20728620.0,50.031843303330156
3.86,-0.0,20731690.0,50.03184352678362
3.87,-0.0,20734760.0,50.03184344869426
3.88,-0.0,20737820.0,50.031843112949694
3.89,-0.0,20740880.0,50.03184256443545
3.9,-0.0,20743930.0,50.03184184866445
3.91,-0.0,20746990.0,50.03184101135357
3.92,-0.0,20750030.0,50.03184009808406
3.93,-0.0,20753080.0,50.031839154035296
3.94,-0.0,20756120.0,50.031838223626
3.95,-0.0,20759160.0,50.031837350110564
3.96,-0.0,20762200.0,50.031836575339575
3.97,-0.0,20765230.0,50.03183593950615
3.98,-0.0,20768260.0,50.031835480757735
3.99,-0.0,20771290.0,50.03183523492781
4.0,-0.0,20774310.0,50.031835235271835
4.01,-0.0,20777330.0,50.031835512242836
4.02,-0.0,20780350.0,50.031836093276915
4.03,-0.0,20783370.0,50.031837002623405
4.04,-0.0,20786380.0,50.03183826126156
4.05,-0.0,20789390.0,50.031839886769546
4.06,-0.0,20792400.0,50.03184189315889
4.07,-0.0,20795410.0,50.03184429084232
4.08,-0.0,20798410.0,50.03184708668995
4.09,-0.0,20801410.0,50.03185028403856
4.1,-0.0,20804410.0,50.03185388266596
4.11,-0.0,20807410.0,50.031857878968026
4.12,-0.0,20810410.0,50.03186226612336
4.13,-0.0,20813400.0,50.03186703408138
4.14,-0.0,20816390.0,50.03187216982986
4.15,-0.0,20819380.0,50.03187765756864
4.16,-0.0,20822370.0,50.03188347893715
4.17,-0.0,20825350.0,50.03188961329854
4.18,-0.0,20828340.0,50.03189603790237
4.19,-0.0,20831320.0,50.03190272814084
4.2,-0.0,20834300.0,50.03190965781074
4.21,-0.0,20837280.0,50.0319167994498
4.22,-0.0,20840260.0,50.03192412457722
4.23,-0.0,20843230.0,50.03193160388003
4.24,-0.0,20846210.0,50.03193920747728
4.25,-0.0,20849180.0,50.03194690524707
4.26,-0.0,20852150.0,50.031954667048026
4.27,-0.0,20855120.0,50.03196246295073
4.28,-0.0,20858090.0,50.031970263444016
4.29,-0.0,20861060.0,50.031978039575996
4.3,-0.0,20864030.0,50.03198576323549
4.31,-0.0,20867000.0,50.03199340732206
4.32,-0.0,20869960.0,50.03200094592201
4.33,-0.0,20872930.0,50.032008354528266
4.34,-0.0,20875890.0,50.032015610097645
4.35,-0.0,20878850.0,50.0320226911237
4.36,-0.0,20881820.0,50.032029577847645
4.37,-0.0,20884780.0,50.032036252427616
4.38,-0.0,20887740.0,50.03204269901644
4.39,-0.0,20890700.0,50.03204890375906
4.4,-0.0,20893660.0,50.03205485487463
4.41,-0.0,20896620.0,50.032060542706404
4.42,-0.0,20899580.0,50.0320659597716
4.43,-0.0,20902530.0,50.032071100850736
4.44,-0.0,20905490.0,50.03207596298073
4.45,-0.0,20908450.0,50.03208054536362
4.46,-0.0,20911400.0,50.03208484935634
4.47,-0.0,20914360.0,50.032088878496296
4.48,-0.0,20917310.0,50.03209263835712
4.49,-0.0,20920270.0,50.03209613655773
4.5,-0.0,20923220.0,50.03209938264044
4.51,-0.0,20926180.0,50.03210238789665
4.52,-0.0,20929130.0,50.03210516524229
4.53,-0.0,20932080.0,50.03210772916407
4.54,-0.0,20935040.0,50.03211009553987
4.55,-0.0,20937990.0,50.03211228141164
4.56,-0.0,20940940.0,50.0321143048861
4.57,-0.0,20943890.0,50.03211618487479
4.58,-0.0,20946840.0,50.03211794092714
4.59,-0.0,20949790.0,50.0321195931142
4.6,-0.0,20952740.0,50.032121161831036
4.61,-0.0,20955690.0,50.03212266760438
4.62,-0.0,20958640.0,50.032124130834944
4.63,-0.0,20961590.0,50.032125571642794
4.64,-0.0,20964530.0,50.032127009773205
4.65,-0.0,20967480.0,50.03212846435963
4.66,-0.0,20970430.0,50.03212995379599
4.67,-0.0,20973370.0,50.03213149567439
4.68,-0.0,20976320.0,50.03213310658355
4.69,-0.0,20979260.0,50.03213480201967
4.7,-0.0,20982200.0,50.03213659636413
4.71,-0.0,20985150.0,50.03213850272342
4.72,-0.0,20988090.0,50.032140532881286
4.73,-0.0,20991030.0,50.03214269731754
4.74,-0.0,20993970.0,50.03214500508767
4.75,-0.0,20996910.0,50.032147463813544
4.76,-0.0,20999850.0,50.03215007966701
4.77,-0.0,21002780.0,50.03215285730786
4.78,-0.0,21005720.0,50.032155799981304
4.79,-0.0,21008660.0,50.03215890959613
4.8,-0.0,21011590.0,50.03216218666158
4.81,-0.0,21014520.0,50.03216563026055
4.82,-0.0,21017450.0,50.0321692381793
4.83,-0.0,21020380.0,50.03217300694418
4.84,-0.0,21023310.0,50.032176931810326
4.85,-0.0,21026240.0,50.03218100690765
4.86,-0.0,21029170.0,50.03218522529379
4.87,-0.0,21032090.0,50.03218957895908
4.88,-0.0,21035010.0,50.03219405891719
4.89,-0.0,21037930.0,50.03219865529762
4.9,-0.0,21040850.0,50.03220335751245
4.91,-0.0,21043770.0,50.03220815426002
4.92,-0.0,21046680.0,50.032213033647324
4.93,-0.0,21049600.0,50.032217983353256
4.94,-0.0,21052510.0,50.03222299058859
4.95,-0.0,21055420.0,50.03222804230722
4.96,-0.0,21058320.0,50.03223312530191
4.97,-0.0,21061230.0,50.032238226333625
4.98,-0.0,21064130.0,50.03224333222855
4.99,-0.0,21067030.0,50.032248429934846
5.0,-0.0,21069930.0,50.032253506639975
5.01,-0.0,21072820.0,50.03225854996768
5.02,-0.0,21075720.0,50.0322635480564
5.03,-0.0,21078600.0,50.03226848952394
5.04,-0.0,21081490.0,50.03227336372645
5.05,-0.0,21084370.0,50.032278160740915
5.06,-0.0,21087250.0,50.03228287139826
5.07,-0.0,21090130.0,50.03228748749341
5.08,-0.0,21093010.0,50.03229200175105
5.09,-0.0,21095880.0,50.03229640780884
5.1,-0.0,21098740.0,50.032300700338375
5.11,-0.0,21101610.0,50.03230487505527
5.12,-0.0,21104470.0,50.03230892866456
5.13,-0.0,21107320.0,50.03231285887439
5.14,-0.0,21110180.0,50.03231666439619
5.15,-0.0,21113020.0,50.032320344932835
5.16,-0.0,21115870.0,50.032323901227336
5.17,-0.0,21118710.0,50.03232733493693
5.18,-0.0,21121550.0,50.03233064854297
5.19,-0.0,21124380.0,50.03233384538651
5.2,-0.0,21127200.0,50.03233692954393
5.21,-0.0,21130030.0,50.03233990586446
5.22,-0.0,21132850.0,50.032342779890094
5.23,-0.0,21135660.0,50.03234555766443
5.24,-0.0,21138470.0,50.03234824576904
5.25,-0.0,21141270.0,50.03235085132732
5.26,-0.0,21144070.0,50.03235338185734
5.27,-0.0,21146860.0,50.032355845151564
5.28,-0.0,21149650.0,50.032358249304224
5.29,-0.0,21152430.0,50.032360602639095
5.3,-0.0,21155210.0,50.03236291365474
5.31,-0.0,21157980.0,50.03236519088347
5.32,-0.0,21160740.0,50.032367442791205
5.33,-0.0,21163500.0,50.0323696778785
5.34,-0.0,21166250.0,50.032371904531956
5.35,-0.0,21169000.0,50.03237413099107
5.36,-0.0,21171740.0,50.03237636528234
5.37,-0.0,21174480.0,50.03237861511477
5.38,-0.0,21177200.0,50.03238088790967
5.39,-0.0,21179920.0,50.032383190678274
5.4,-0.0,21182640.0,50.032385529997306
5.41,-0.0,21185340.0,50.03238791196755
5.42,-0.0,21188040.0,50.032390342189224
5.43,-0.0,21190740.0,50.03239282579413
5.44,-0.0,21193420.0,50.03239536733124
5.45,-0.0,21196100.0,50.03239797068375
5.46,-0.0,21198770.0,50.0324006390674
5.47,-0.0,21201430.0,50.03240337502884
5.48,-0.0,21204090.0,50.03240618051691
5.49,-0.0,21206740.0,50.032409056862925
5.5,-0.0,21209380.0,50.03241200464409
5.51,-0.0,21212010.0,50.032415023797604
5.52,-0.0,21214630.0,50.03241811362358
5.53,-0.0,21217240.0,50.03242127275437
5.54,-0.0,21219850.0,50.032424499262326
5.55,-0.0,21222450.0,50.0324277906191
5.56,-0.0,21225030.0,50.03243114375528
5.57,-0.0,21227610.0,50.03243455517538
5.58,-0.0,21230180.0,50.032438020925184
5.59,-0.0,21232740.0,50.03244153658811
5.6,-0.0,21235300.0,50.03244509742999
5.61,-0.0,21237840.0,50.032448698445485
5.62,-0.0,21240370.0,50.03245233435072
5.63,-0.0,21242890.0,50.032455999724704
5.64,-0.0,21245410.0,50.03245968898125
5.65,-0.0,21247910.0,50.032463396450865
5.66,-0.0,21250400.0,50.032467116425686
5.67,-0.0,21252880.0,50.032470843161015
5.68,-0.0,21255360.0,50.03247457100565
5.69,-0.0,21257820.0,50.032478294445646
5.7,-0.0,21260270.0,50.032482008145394
5.71,-0.0,21262710.0,50.03248570691503
5.72,-0.0,21265140.0,50.03248938576847
5.73,-0.0,21267560.0,50.03249303995809
5.74,-0.0,21269970.0,50.03249666501928
5.75,-0.0,21272360.0,50.03250025679393
5.76,-0.0,21274750.0,50.03250381139496
5.77,-0.0,21277120.0,50.032507325315336
5.78,-0.0,21279480.0,50.032510795435435
5.79,-0.0,21281830.0,50.03251421897408
5.8,-0.0,21284170.0,50.032517593515145
5.81,-0.0,21286500.0,50.032520917028066
5.82,-0.0,21288810.0,50.032524187883176
5.83,-0.0,21291110.0,50.032527404862805
5.84,-0.0,21293400.0,50.032530567098156
5.85,-0.0,21295680.0,50.032533674167155
5.86,-0.0,21297940.0,50.03253672607496
5.87,-0.0,21300190.0,50.032539723194034
5.88,-0.0,21302430.0,50.032542666264014
5.89,-0.0,21304660.0,50.03254555640068
5.9,-0.0,21306870.0,50.03254839515399
5.91,-0.0,21309070.0,50.03255118434251
5.92,-0.0,21311260.0,50.03255392614584
5.93,-0.0,21313430.0,50.03255662306191
5.94,-0.0,21315590.0,50.03255927783863
5.95,-0.0,21317740.0,50.032561893519144
5.96,-0.0,21319870.0,50.03256447334772
5.97,-0.0,21321990.0,50.03256702075263
5.98,-0.0,21324090.0,50.03256953932358
5.99,-0.0,21326180.0,50.03257203278534
6.0,-0.0,21328260.0,50.03257450496847
6.01,-0.0,21330320.0,50.032576959778275
6.02,-0.0,21332370.0,50.03257940116244
6.03,-0.0,21334400.0,50.03258183300796
6.04,-0.0,21336420.0,50.03258425913203
6.05,-0.0,21338420.0,50.03258668332386
6.06,-0.0,21340410.0,50.03258910923725
6.07,-0.0,21342380.0,50.032591540380345
6.08,-0.0,21344340.0,50.03259398015947
6.09,-0.0,21346290.0,50.032596431775225
6.1,-0.0,21348210.0,50.03259889814744
6.11,-0.0,21350130.0,50.03260138198882
6.12,-0.0,21352030.0,50.03260388578212
6.13,-0.0,21353910.0,50.03260641170642
6.14,-0.0,21355780.0,50.03260896171427
6.15,-0.0,21357630.0,50.032611537443614
6.16,-0.0,21359460.0,50.032614140243446
6.17,-0.0,21361280.0,50.03261677123678
6.18,-0.0,21363090.0,50.03261943125188
6.19,-0.0,21364870.0,50.03262212083551
6.2,-0.0,21366650.0,50.03262484026558
6.21,-0.0,21368400.0,50.032627589563674
6.22,-0.0,21370140.0,50.0326303684376
6.23,-0.0,21371860.0,50.032633176387975
6.24,-0.0,21373570.0,50.03263601270167
6.25,-0.0,21375260.0,50.03263887647862
6.26,-0.0,21376930.0,50.03264176655785
6.27,-0.0,21378590.0,50.03264468156957
6.28,-0.0,21380230.0,50.03264762000642
6.29,-0.0,21381860.0,50.032650580176465
6.3,-0.0,21383460.0,50.03265356029082
6.31,-0.0,21385050.0,50.032656558401165
6.32,-0.0,21386630.0,50.032659572433346
6.33,-0.0,21388180.0,50.0326626002031
6.34,-0.0,21389720.0,50.032665639446236
6.35,-0.0,21391250.0,50.03266868783216
6.36,-0.0,21392750.0,50.03267174292275
6.37,-0.0,21394240.0,50.03267480227872
6.38,-0.0,21395710.0,50.032677863468045
6.39,-0.0,21397160.0,50.03268092409153
6.4,-0.0,21398600.0,50.032683981793035
6.41,-0.0,21400020.0,50.03268703428545
6.42,-0.0,21401420.0,50.03269007929083
6.43,-0.0,21402800.0,50.03269311458926
6.44,-0.0,21404170.0,50.03269613810139
6.45,-0.0,21405520.0,50.03269914790588
6.46,-0.0,21406850.0,50.03270214217148
6.47,-0.0,21408160.0,50.03270511919866
6.48,-0.0,21409460.0,50.03270807749467
6.49,-0.0,21410740.0,50.03271101571289
6.5,-0.0,21412000.0,50.03271393267049
6.51,-0.0,21413240.0,50.03271682743156
6.52,-0.0,21414460.0,50.03271969922304
6.53,-0.0,21415670.0,50.03272254746061
6.54,-0.0,21416860.0,50.032725371808674
6.55,-0.0,21418030.0,50.032728172104825
6.56,-0.0,21419190.0,50.032730948362904
6.57,-0.0,21420320.0,50.032733700772226
6.58,-0.0,21421440.0,50.0327364296935
6.59,-0.0,21422540.0,50.03273913565235
6.6,-0.0,21423620.0,50.032741819330774
6.61,-0.0,21424690.0,50.03274448162698
6.62,-0.0,21425740.0,50.03274712355042
6.63,-0.0,21426770.0,50.03274974622928
6.64,-0.0,21427780.0,50.032752350883804
6.65,-0.0,21428770.0,50.03275493883048
6.66,-0.0,21429750.0,50.03275751152353
6.67,-0.0,21430700.0,50.03276007046451
6.68,-0.0,21431640.0,50.032762617193214
6.69,-0.0,21432570.0,50.03276515327742
6.7,-0.0,21433470.0,50.03276768030195
6.71,-0.0,21434360.0,50.03277019985776
6.72,-0.0,21435220.0,50.03277271353094
6.73,-0.0,21436080.0,50.03277522296212
6.74,-0.0,21436910.0,50.03277772981256
6.75,-0.0,21437730.0,50.032780235680676
6.76,-0.0,21438520.0,50.03278274209879
6.77,-0.0,21439300.0,50.0327852505285
6.78,-0.0,21440070.0,50.0327877623547
6.79,-0.0,21440810.0,50.03279027894948
6.8,-0.0,21441540.0,50.032792801642266
6.81,-0.0,21442250.0,50.03279533163991
6.82,-0.0,21442940.0,50.0327978700969
6.83,-0.0,21443620.0,50.03280041802047
6.84,-0.0,21444280.0,50.032802976357694
6.85,-0.0,21444920.0,50.03280554595594
6.86,-0.0,21445540.0,50.03280812750418
6.87,-0.0,21446150.0,50.03281072166209
6.88,-0.0,21446740.0,50.03281332889264
6.89,-0.0,21447310.0,50.032815949557886
6.9,-0.0,21447870.0,50.03281858395731
6.91,-0.0,21448410.0,50.03282123218261
6.92,-0.0,21448930.0,50.032823894203894
6.93,-0.0,21449430.0,50.03282656992872
6.94,-0.0,21449920.0,50.032829259116305
6.95,-0.0,21450390.0,50.03283196139069
6.96,-0.0,21450850.0,50.032834676308404
6.97,-0.0,21451290.0,50.032837403349404
6.98,-0.0,21451710.0,50.03284014184282
6.99,-0.0,21452120.0,50.032842890989535
7.0,-0.0,21452510.0,50.03284565000739
7.01,-0.0,21452880.0,50.03284841803525
7.02,-0.0,21453240.0,50.03285119408386
7.03,-0.0,21453580.0,50.03285397711953
7.04,-0.0,21453910.0,50.03285676613702
7.05,-0.0,21454220.0,50.03285956007153
7.06,-0.0,21454520.0,50.03286235782484
7.07,-0.0,21454800.0,50.0328651583291
7.08,-0.0,21455060.0,50.03286796047861
7.09,-0.0,21455310.0,50.03287076321258
7.1,-0.0,21455550.0,50.032873565502726
7.11,-0.0,21455760.0,50.032876366289514
7.12,-0.0,21455970.0,50.03287916456727
7.13,-0.0,21456160.0,50.03288195937283
7.14,-0.0,21456330.0,50.03288474986206
7.15,-0.0,21456490.0,50.03288753520793
7.16,-0.0,21456640.0,50.03289031462834
7.17,-0.0,21456770.0,50.03289308743513
7.18,-0.0,21456880.0,50.03289585296661
7.19,-0.0,21456980.0,50.032898610655316
7.2,-0.0,21457070.0,50.032901360016325
7.21,-0.0,21457150.0,50.03290410063861
7.22,-0.0,21457210.0,50.03290683217813
7.23,-0.0,21457250.0,50.032909554352344
7.24,-0.0,21457290.0,50.03291226700534
7.25,-0.0,21457300.0,50.03291497001069
7.26,-0.0,21457310.0,50.03291766328768
7.27,-0.0,21457300.0,50.03292034685486
7.28,-0.0,21457280.0,50.03292302082154
7.29,-0.0,21457250.0,50.03292568536683
7.3,-0.0,21457200.0,50.03292834066729
7.31,-0.0,21457140.0,50.03293098697327
7.32,-0.0,21457070.0,50.03293362465902
7.33,-0.0,21456980.0,50.03293625412778
7.34,-0.0,21456880.0,50.032938875815034
7.35,-0.0,21456770.0,50.03294149017581
7.36,-0.0,21456650.0,50.032944097757
7.37,-0.0,21456510.0,50.032946699160675
7.38,-0.0,21456370.0,50.032949295042805
7.39,-0.0,21456210.0,50.03295188608276
7.4,-0.0,21456040.0,50.03295447298619
7.41,-0.0,21455850.0,50.032957056457526
7.42,-0.0,21455660.0,50.032959637205025
7.43,-0.0,21455450.0,50.032962215985
7.44,-0.0,21455240.0,50.0329647935151
7.45,-0.0,21455010.0,50.03296737046969
7.46,-0.0,21454770.0,50.03296994754436
7.47,-0.0,21454510.0,50.0329725254271
7.48,-0.0,21454250.0,50.03297510478936
7.49,-0.0,21453980.0,50.03297768626431
7.5,-0.0,21453690.0,50.032980270443204
7.51,-0.0,21453400.0,50.032982857857974
7.52,-0.0,21453090.0,50.03298544898115
7.53,-0.0,21452780.0,50.03298804428154
7.54,-0.0,21452450.0,50.032990644203736
7.55,-0.0,21452110.0,50.032993249082956
7.56,-0.0,21451770.0,50.03299585922677
7.57,-0.0,21451410.0,50.0329984748867
7.58,-0.0,21451040.0,50.03300109619522
7.59,-0.0,21450660.0,50.033003723306756
7.6,-0.0,21450280.0,50.033006356296426
7.61,-0.0,21449880.0,50.03300899517444
7.62,-0.0,21449470.0,50.03301163993979
7.63,-0.0,21449060.0,50.03301429050306
7.64,-0.0,21448630.0,50.033016946691475
7.65,-0.0,21448200.0,50.03301960832296
7.66,-0.0,21447750.0,50.03302227518677
7.67,-0.0,21447300.0,50.03302494704391
7.68,-0.0,21446840.0,50.03302762361408
7.69,-0.0,21446370.0,50.03303030451066
7.7,-0.0,21445890.0,50.03303298939424
7.71,-0.0,21445400.0,50.03303567793678
7.72,-0.0,21444910.0,50.03303836975343
7.73,-0.0,21444400.0,50.03304106440035
7.74,-0.0,21443890.0,50.03304376138693
7.75,-0.0,21443370.0,50.033046460311894
7.76,-0.0,21442840.0,50.0330491607582
7.77,-0.0,21442300.0,50.03305186223519
7.78,-0.0,21441750.0,50.033054564253575
7.79,-0.0,21441200.0,50.03305726632009
7.8,-0.0,21440640.0,50.03305996800438
7.81,-0.0,21440070.0,50.033062668844266
7.82,-0.0,21439490.0,50.033065368365115
7.83,-0.0,21438910.0,50.03306806613723
7.84,-0.0,21438320.0,50.03307076177127
7.85,-0.0,21437720.0,50.033073454901796
7.86,-0.0,21437110.0,50.0330761451195
7.87,-0.0,21436500.0,50.03307883198268
7.88,-0.0,21435880.0,50.033081515165975
7.89,-0.0,21435260.0,50.03308419442093
7.9,-0.0,21434620.0,50.03308686943476
7.91,-0.0,21433980.0,50.033089539918805
7.92,-0.0,21433340.0,50.033092205668275
7.93,-0.0,21432680.0,50.03309486654545
7.94,-0.0,21432020.0,50.03309752239722
7.95,-0.0,21431360.0,50.03310017313868
7.96,-0.0,21430690.0,50.03310281872555
7.97,-0.0,21430010.0,50.03310545909076
7.98,-0.0,21429330.0,50.033108094214555
7.99,-0.0,21428640.0,50.03311072418403
8.0,-0.0,21427940.0,50.033113349091664
8.01,-0.0,21427240.0,50.03311596904815
8.02,-0.0,21426540.0,50.033118584233286
8.03,-0.0,21425820.0,50.033121194814875
8.04,-0.0,21425110.0,50.03312380094934
8.05,-0.0,21424380.0,50.03312640285086
8.06,-0.0,21423660.0,50.033129000766685
8.07,-0.0,21422920.0,50.03313159490176
8.08,-0.0,21422180.0,50.0331341854935
8.09,-0.0,21421440.0,50.03313677286098
8.1,-0.0,21420690.0,50.03313935730929
8.11,-0.0,21419940.0,50.03314193913327
8.12,-0.0,21419180.0,50.03314451860542
8.13,-0.0,21418420.0,50.03314709598008
8.14,-0.0,21417660.0,50.03314967155216
8.15,-0.0,21416890.0,50.033152245638945
8.16,-0.0,21416110.0,50.033154818495994
8.17,-0.0,21415330.0,50.03315739032982
8.18,-0.0,21414550.0,50.03315996143273
8.19,-0.0,21413760.0,50.03316253207588
8.2,-0.0,21412970.0,50.03316510244894
8.21,-0.0,21412170.0,50.03316767273249
8.22,-0.0,21411370.0,50.03317024315989
8.23,-0.0,21410570.0,50.033172813917574
8.24,-0.0,21409760.0,50.03317538509031
8.25,-0.0,21408950.0,50.03317795680774
8.26,-0.0,21408140.0,50.03318052921606
8.27,-0.0,21407320.0,50.03318310247094
8.28,-0.0,21406500.0,50.03318567664831
8.29,-0.0,21405680.0,50.0331882517667
8.3,-0.0,21404850.0,50.03319082791637
8.31,-0.0,21404020.0,50.033193405091495
8.32,-0.0,21403190.0,50.033195983287094
8.33,-0.0,21402350.0,50.03319856246744
8.34,-0.0,21401510.0,50.03320114258436
8.35,-0.0,21400670.0,50.033203723619714
8.36,-0.0,21399820.0,50.03320630544286
8.37,-0.0,21398970.0,50.033208887898574
8.38,-0.0,21398120.0,50.033211470866924
8.39,-0.0,21397270.0,50.033214054246834
8.4,-0.0,21396420.0,50.03321663787445
8.41,-0.0,21395560.0,50.03321922153822
8.42,-0.0,21394700.0,50.03322180504662
8.43,-0.0,21393840.0,50.03322438821755
8.44,-0.0,21392970.0,50.03322697080088
8.45,-0.0,21392100.0,50.03322955256733
8.46,-0.0,21391230.0,50.03323213328525
8.47,-0.0,21390360.0,50.033234712732074
8.48,-0.0,21389490.0,50.03323729067548
8.49,-0.0,21388620.0,50.03323986688757
8.5,-0.0,21387740.0,50.033242441128166
8.51,-0.0,21386860.0,50.033245013160396
8.52,-0.0,21385980.0,50.03324758273489
8.53,-0.0,21385100.0,50.033250149606225
8.54,-0.0,21384210.0,50.03325271358779
8.55,-0.0,21383330.0,50.03325527454493
8.56,-0.0,21382440.0,50.03325783230622
8.57,-0.0,21381550.0,50.03326038668672
8.58,-0.0,21380660.0,50.0332629375475
8.59,-0.0,21379770.0,50.03326548472194
8.6,-0.0,21378880.0,50.033268028092905
8.61,-0.0,21377980.0,50.03327056757446
8.62,-0.0,21377090.0,50.03327310304193
8.63,-0.0,21376190.0,50.03327563441184
8.64,-0.0,21375290.0,50.033278161625205
8.65,-0.0,21374400.0,50.03328068464934
8.66,-0.0,21373500.0,50.03328320346496
8.67,-0.0,21372590.0,50.03328571800027
8.68,-0.0,21371690.0,50.03328822821354
8.69,-0.0,21370790.0,50.03329073414902
8.7,-0.0,21369890.0,50.0332932358466
8.71,-0.0,21368980.0,50.033295733280156
8.72,-0.0,21368080.0,50.03329822651338
8.73,-0.0,21367170.0,50.03330071559389
8.74,-0.0,21366260.0,50.03330320057816
8.75,-0.0,21365350.0,50.03330568157831
8.76,-0.0,21364440.0,50.03330815862213
8.77,-0.0,21363530.0,50.03331063174281
8.78,-0.0,21362620.0,50.03331310103978
8.79,-0.0,21361710.0,50.0333155666621
8.8,-0.0,21360800.0,50.03331802872607
8.81,-0.0,21359890.0,50.03332048732908
8.82,-0.0,21358980.0,50.033322942545574
8.83,-0.0,21358060.0,50.03332539450782
8.84,-0.0,21357150.0,50.03332784337632
8.85,-0.0,21356230.0,50.03333028920501
8.86,-0.0,21355320.0,50.03333273210464
8.87,-0.0,21354400.0,50.033335172212546
8.88,-0.0,21353490.0,50.03333760962754
8.89,-0.0,21352570.0,50.03334004447977
8.9,-0.0,21351650.0,50.03334247684993
8.91,-0.0,21350740.0,50.03334490678497
8.92,-0.0,21349820.0,50.03334733436583
8.93,-0.0,21348900.0,50.03334975969602
8.94,-0.0,21347980.0,50.03335218289335
8.95,-0.0,21347060.0,50.033354604013326
8.96,-0.0,21346140.0,50.03335702306777
8.97,-0.0,21345220.0,50.03335944009507
8.98,-0.0,21344300.0,50.033361855150545
8.99,-0.0,21343380.0,50.0333642682999
9.0,-0.0,21342460.0,50.033366679544045
9.01,-0.0,21341540.0,50.03336908883911
9.02,-0.0,21340620.0,50.03337149616765
9.03,-0.0,21339690.0,50.03337390153029
9.04,-0.0,21338770.0,50.033376304939814
9.05,-0.0,21337850.0,50.03337870634693
9.06,-0.0,21336920.0,50.033381105660816
9.07,-0.0,21336000.0,50.03338350282102
9.08,-0.0,21335080.0,50.03338589778934
9.09,-0.0,21334150.0,50.03338829047418
9.1,-0.0,21333230.0,50.033390680820446
9.11,-0.0,21332300.0,50.03339306878695
9.12,-0.0,21331370.0,50.03339545421698
9.13,-0.0,21330450.0,50.03339783700687
9.14,-0.0,21329520.0,50.033400217079546
9.15,-0.0,21328590.0,50.03340259432317
9.16,-0.0,21327660.0,50.033404968664044
9.17,-0.0,21326730.0,50.03340734005881
9.18,-0.0,21325800.0,50.033409708418816
9.19,-0.0,21324870.0,50.03341207362958
9.2,-0.0,21323940.0,50.03341443555137
9.21,-0.0,21323010.0,50.03341679410415
9.22,-0.0,21322080.0,50.03341914924143
9.23,-0.0,21321150.0,50.03342150081834
9.24,-0.0,21320210.0,50.033423848758055
9.25,-0.0,21319280.0,50.033426193023914
9.26,-0.0,21318340.0,50.033428533486344
9.27,-0.0,21317410.0,50.033430870088566
9.28,-0.0,21316470.0,50.0334332027478
9.29,-0.0,21315540.0,50.033435531385784
9.3,-0.0,21314600.0,50.033437855980544
9.31,-0.0,21313660.0,50.03344017650026
9.32,-0.0,21312720.0,50.033442492902566
9.33,-0.0,21311780.0,50.033444805077444
9.34,-0.0,21310840.0,50.033447113007604
9.35,-0.0,21309890.0,50.03344941666573
9.36,-0.0,21308950.0,50.033451715971935
9.37,-0.0,21308010.0,50.033454010936964
9.38,-0.0,21307060.0,50.03345630157423
9.39,-0.0,21306110.0,50.03345858791079
9.4,-0.0,21305170.0,50.0334608699813
9.41,-0.0,21304220.0,50.03346314776673
9.42,-0.0,21303270.0,50.03346542128138
9.43,-0.0,21302310.0,50.03346769056134
9.44,-0.0,21301360.0,50.033469955599585
9.45,-0.0,21300410.0,50.03347221643033
9.46,-0.0,21299450.0,50.03347447311527
9.47,-0.0,21298490.0,50.033476725677374
9.48,-0.0,21297530.0,50.033478974183595
9.49,-0.0,21296570.0,50.03348121873046
9.5,-0.0,21295610.0,50.03348345937674
9.51,-0.0,21294650.0,50.03348569615529
9.52,-0.0,21293680.0,50.03348792908155
9.53,-0.0,21292720.0,50.03349015823035
9.54,-0.0,21291750.0,50.03349238364678
9.55,-0.0,21290780.0,50.033494605369974
9.56,-0.0,21289800.0,50.03349682349316
9.57,-0.0,21288830.0,50.0334990380899
9.58,-0.0,21287850.0,50.033501249221246
9.59,-0.0,21286880.0,50.03350345694094
9.6,-0.0,21285900.0,50.03350566129928
9.61,-0.0,21284910.0,50.03350786234604
9.62,-0.0,21283930.0,50.0335100601327
9.63,-0.0,21282940.0,50.03351225471436
9.64,-0.0,21281950.0,50.03351444608049
9.65,-0.0,21280960.0,50.033516634250134
9.66,-0.0,21279970.0,50.03351881925274
9.67,-0.0,21278980.0,50.0335210011421
9.68,-0.0,21277980.0,50.03352317997899
9.69,-0.0,21276980.0,50.033525355775396
9.7,-0.0,21275970.0,50.03352752850147
9.71,-0.0,21274970.0,50.03352969817455
9.72,-0.0,21273960.0,50.03353186483599
9.73,-0.0,21272950.0,50.03353402849145
9.74,-0.0,21271940.0,50.03353618918512
9.75,-0.0,21270920.0,50.033538346922214
9.76,-0.0,21269910.0,50.03354050168731
9.77,-0.0,21268880.0,50.03354265344419
9.78,-0.0,21267860.0,50.033544802149635
9.79,-0.0,21266830.0,50.033546947820454
9.8,-0.0,21265800.0,50.03354909045113
9.81,-0.0,21264770.0,50.033551230028635
9.82,-0.0,21263740.0,50.03355336652948
9.83,-0.0,21262700.0,50.03355549993148
9.84,-0.0,21261660.0,50.03355763020886
9.85,-0.0,21260610.0,50.03355975734255
9.86,-0.0,21259560.0,50.03356188131425
9.87,-0.0,21258510.0,50.03356400204546
9.88,-0.0,21257460.0,50.03356611948497
9.89,-0.0,21256400.0,50.03356823359808
9.9,-0.0,21255340.0,50.03357034437293
9.91,-0.0,21254280.0,50.033572451811516
9.92,-0.0,21253210.0,50.03357455586632
9.93,-0.0,21252140.0,50.033576656526314
9.94,-0.0,21251060.0,50.033578753733785
9.95,-0.0,21249980.0,50.033580847413276
9.96,-0.0,21248900.0,50.03358293753567
9.97,-0.0,21247820.0,50.03358502411807
9.98,-0.0,21246730.0,50.03358710713945
9.99,-0.0,21245640.0,50.033589186568065
10.0,-0.0,21244540.0,50.03359126181803
10.01,-0.0,21243440.0,50.03359332504969
10.02,-0.0,21242330.0,50.03359535464408
10.03,-0.0,21241230.0,50.03359731496179
10.04,-0.0,21240110.0,50.0335991567313
10.05,-0.0,21239000.0,50.03360081740779
10.06,-0.0,21237880.0,50.03360222171527
10.07,-0.0,21236750.0,50.03360328227713
10.08,-0.0,21235630.0,50.03360390032281
10.09,-0.0,21234490.0,50.03360396638802
10.1,-0.0,21233360.0,50.03360336123271
10.11,-0.0,21232210.0,50.033601956687434
10.12,-0.0,21231070.0,50.03359961649486
10.13,-0.0,21229920.0,50.0335961972378
10.14,-0.0,21228760.0,50.03359154936467
10.15,-0.0,21227600.0,50.03358551810888
10.16,-0.0,21226440.0,50.03357794436991
10.17,-0.0,21225270.0,50.033568665649284
10.18,-0.0,21224090.0,50.033557516983194
10.19,-0.0,21222910.0,50.033544331834975
10.2,-0.0,21221730.0,50.03352894297368
10.21,-0.0,21220540.0,50.03351118337272
10.22,-0.0,21219350.0,50.03349088691982
10.23,-0.0,21218150.0,50.03346788911133
10.24,-0.0,21216940.0,50.03344202784644
10.25,-0.0,21215730.0,50.033413144001116
10.26,-0.0,21214520.0,50.033381082130404
10.27,-0.0,21213300.0,50.03334569098509
10.28,-0.0,21212070.0,50.03330682394975
10.29,-0.0,21210840.0,50.03326433953978
10.3,-0.0,21209600.0,50.033218101702005
10.31,-0.0,21208360.0,50.03316798013545
10.32,-0.0,21207110.0,50.03311385054866
10.33,-0.0,21205850.0,50.03305559485557
10.34,-0.0,21204590.0,50.032993101311185
10.35,-0.0,21203320.0,50.032926264588596
10.36,-0.0,21202050.0,50.032854985799744
10.37,-0.0,21200770.0,50.03277917246173
10.38,-0.0,21199480.0,50.03269873834091
10.39,-0.0,21198190.0,50.0326136034132
10.4,-0.0,21196890.0,50.03252369366464
10.41,-0.0,21195580.0,50.032428940741546
10.42,-0.0,21194270.0,50.03232928186145
10.43,-0.0,21192950.0,50.03222465949325
10.44,-0.0,21191620.0,50.03211502090035
10.45,-0.0,21190290.0,50.032000317957866
10.46,-0.0,21188940.0,50.03188050668162
10.47,-0.0,21187600.0,50.03175554679863
10.48,-0.0,21186240.0,50.03162540149114
10.49,-0.0,21184880.0,50.03149003682813
10.5,-0.0,21183510.0,50.03134942145719
10.51,-0.0,21182130.0,50.031203526165015
10.52,-0.0,21180750.0,50.03105232342022
10.53,-0.0,21179360.0,50.03089578704242
10.54,-0.0,21177960.0,50.03073389174686
10.55,-0.0,21176550.0,50.03056661278536
10.56,-0.0,21175130.0,50.03039392560411
10.57,-0.0,21173710.0,50.03021580552267
10.58,-0.0,21172280.0,50.03003222750859
10.59,-0.0,21170840.0,50.02984316581477
10.6,-0.0,21169390.0,50.029648593690915
10.61,-0.0,21167940.0,50.02944848333104
10.62,-0.0,21166470.0,50.029242805607055
10.63,-0.0,21165000.0,50.02903152988317
10.64,-0.0,21163520.0,50.028814623929605
10.65,-0.0,21162030.0,50.028592053956835
10.66,-0.0,21160530.0,50.02836378457529
10.67,-0.0,21159030.0,50.02812977875668
10.68,-0.0,21157510.0,50.02788999796848
10.69,-0.0,21155990.0,50.02764440219355
10.7,-0.0,21154460.0,50.027392950082884
10.71,-0.0,21152920.0,50.02713559919635
10.72,-0.0,21151370.0,50.026872306125966
10.73,-0.0,21149810.0,50.02660302667753
10.74,-0.0,21148240.0,50.02632771622984
10.75,-0.0,21146660.0,50.02604633009242
10.76,-0.0,21145070.0,50.02575882366841
10.77,-0.0,21143480.0,50.025465152903806
10.78,-0.0,21141870.0,50.02516527462475
10.79,-0.0,21140260.0,50.02485914686841
10.8,-0.0,21138640.0,50.0245467294164
10.81,-0.0,21137000.0,50.024227984035306
10.82,-0.0,21135360.0,50.02390287491837
10.83,-0.0,21133710.0,50.02357136916583
10.84,-0.0,21132050.0,50.02323343719974
10.85,-0.0,21130380.0,50.022889053091035
10.86,-0.0,21128700.0,50.02253819499198
10.87,-0.0,21127010.0,50.02218084559568
10.88,-0.0,21125310.0,50.02181699244711
10.89,-0.0,21123600.0,50.02144662832043
10.9,-0.0,21121880.0,50.02106975157573
10.91,-0.0,21120150.0,50.020686366493884
10.92,-0.0,21118410.0,50.02029648365842
10.93,-0.0,21116660.0,50.01990012014568
10.94,-0.0,21114900.0,50.01949729980173
10.95,-0.0,21113130.0,50.01908805345696
10.96,-0.0,21111350.0,50.018672419069496
10.97,-0.0,21109560.0,50.01825044204161
10.98,-0.0,21107760.0,50.017822175254246
10.99,-0.0,21105950.0,50.01738767911213
11.0,-0.0,21104130.0,50.016947021688274
11.01,-0.0,21102300.0,50.016500278750776
11.02,-0.0,21100460.0,50.01604753375649
11.03,-0.0,21098610.0,50.015588877810956
11.04,-0.0,21096750.0,50.015124409595266
11.05,-0.0,21094880.0,50.01465423526012
11.06,-0.0,21093000.0,50.01417846821696
11.07,-0.0,21091110.0,50.01369722906451
11.08,-0.0,21089210.0,50.013210645371345
11.09,-0.0,21087300.0,50.012718851392634
11.1,-0.0,21085380.0,50.01222198789584
11.11,-0.0,21083440.0,50.01172020187996
11.12,-0.0,21081500.0,50.0112136462742
11.13,-0.0,21079550.0,50.010702479546495
11.14,-0.0,21077580.0,50.010186865389585
11.15,-0.0,21075610.0,50.009666972515134
11.16,-0.0,21073630.0,50.00914297418765
11.17,-0.0,21071630.0,50.00861504779297
11.18,-0.0,21069630.0,50.008083374533655
11.19,-0.0,21067610.0,50.007548138964545
11.2,-0.0,21065590.0,50.007009528692834
11.21,-0.0,21063550.0,50.006467733964065
11.22,-0.0,21061510.0,50.00592294728281
11.23,-0.0,21059450.0,50.005375363007374
11.24,-0.0,21057390.0,50.00482517691124
11.25,-0.0,21055310.0,50.00427258588831
11.26,-0.0,21053230.0,50.00371778758568
11.27,-0.0,21051130.0,50.003160979978844
11.28,-0.0,21049020.0,50.00260236112776
11.29,-0.0,21046910.0,50.00204212890622
11.3,-0.0,21044780.0,50.001480480614546
11.31,-0.0,21042640.0,50.000917612623006
11.32,-0.0,21040500.0,50.000353720199975
11.33,-0.0,21038340.0,49.99978899724523
11.34,-0.0,21036170.0,49.999223636076316
11.35,-0.0,21034000.0,49.998657827276524
11.36,-0.0,21031810.0,49.99809175935792
11.37,-0.0,21029610.0,49.997525618695484
11.38,-0.0,21027410.0,49.99695958943835
11.39,-0.0,21025190.0,49.99639385330741
11.4,-0.0,21022960.0,49.99582858949673
11.41,-0.0,21020730.0,49.995263974665114
11.42,-0.0,21018480.0,49.99470018277947
11.43,-0.0,21016230.0,49.994137385089886
11.44,-0.0,21013970.0,49.99357575016076
11.45,-0.0,21011690.0,49.99301544378062
11.46,-0.0,21009410.0,49.99245662904085
11.47,-0.0,21007120.0,49.99189946633014
11.48,-0.0,21004820.0,49.99134411328699
11.49,-0.0,21002510.0,49.99079072491473
11.5,-0.0,21000190.0,49.990239453607074
11.51,-0.0,20997860.0,49.98969044912584
11.52,-0.0,20995520.0,49.989143858736
11.53,-0.0,20993170.0,49.988599827245615
11.54,-0.0,20990810.0,49.98805849706445
11.55,-0.0,20988450.0,49.9875200083194
11.56,-0.0,20986080.0,49.98698449881731
11.57,-0.0,20983690.0,49.986452104031656
11.58,-0.0,20981300.0,49.985922957306116
11.59,-0.0,20978900.0,49.98539718985662
11.6,-0.0,20976490.0,49.984874930729276
11.61,-0.0,20974080.0,49.984356306815805
11.62,-0.0,20971650.0,49.98384144294376
11.63,-0.0,20969220.0,49.98333046184315
11.64,-0.0,20966780.0,49.98282348406241
11.65,-0.0,20964330.0,49.98232062800869
11.66,-0.0,20961870.0,49.9818220098915
11.67,-0.0,20959400.0,49.98132774372545
11.68,-0.0,20956930.0,49.98083794115173
11.69,-0.0,20954450.0,49.980352711287516
11.7,-0.0,20951960.0,49.97987216076665
11.71,-0.0,20949460.0,49.97939639351338
11.72,-0.0,20946960.0,49.97892551061562
11.73,-0.0,20944450.0,49.97845961022285
11.74,-0.0,20941930.0,49.97799878736377
11.75,-0.0,20939400.0,49.97754313373708
11.76,-0.0,20936870.0,49.97709273743383
11.77,-0.0,20934330.0,49.9766476827993
11.78,-0.0,20931780.0,49.97620805018405
11.79,-0.0,20929230.0,49.97577391570043
11.8,-0.0,20926670.0,49.97534535102581
11.81,-0.0,20924100.0,49.974922423044774
11.82,-0.0,20921520.0,49.974505193582075
11.83,-0.0,20918940.0,49.974093719183465
11.84,-0.0,20916360.0,49.97368805080947
11.85,-0.0,20913760.0,49.97328823345519
11.86,-0.0,20911170.0,49.9728943059356
11.87,-0.0,20908560.0,49.97250630055484
11.88,-0.0,20905950.0,49.97212424280709
11.89,-0.0,20903330.0,49.97174815104741
11.9,-0.0,20900710.0,49.97137803619543
11.91,-0.0,20898080.0,49.97101390148276
11.92,0.0,20895450.0,49.97065574206705
11.93,0.0,20892810.0,49.9703035448068
11.94,0.0,20890170.0,49.96995728794429
11.95,0.0,20887520.0,49.969616940741425
11.96,0.0,20884860.0,49.96928246327676
11.97,0.0,20882200.0,49.968953806224484
11.98,0.0,20879540.0,49.96863091049201
11.99,0.0,20876870.0,49.96831370689553
12.0,0.0,20874200.0,49.968002116671016
12.01,0.0,20871520.0,49.96769605790393
12.02,0.0,20868840.0,49.967395452291136
12.03,0.0,20866150.0,49.96710022630385
12.04,0.0,20863460.0,49.966810311436554
12.05,0.0,20860770.0,49.966525644400214
12.06,0.0,20858070.0,49.96624616735325
12.07,0.0,20855370.0,49.965971827957226
12.08,0.0,20852670.0,49.96570257942156
12.09,0.0,20849960.0,49.96543838037636
12.1,0.0,20847250.0,49.96517919462206
12.11,0.0,20844530.0,49.96492499096989
12.12,0.0,20841810.0,49.964675742926666
12.13,0.0,20839090.0,49.96443142834532
12.14,0.0,20836370.0,49.96419202901544
12.15,0.0,20833640.0,49.96395753023046
12.16,0.0,20830920.0,49.96372792037819
12.17,0.0,20828180.0,49.963503190351375
12.18,0.0,20825450.0,49.963283333108436
12.19,0.0,20822720.0,49.96306834310568
12.2,0.0,20819980.0,49.96285821575328
12.21,0.0,20817240.0,49.96265294683772
12.22,0.0,20814500.0,49.96245253197731
12.23,0.0,20811760.0,49.962256966053744
12.24,0.0,20809010.0,49.96206624268653
12.25,0.0,20806270.0,49.96188035383751
12.26,0.0,20803520.0,49.96169928913063
12.27,0.0,20800770.0,49.96152303546859
12.28,0.0,20798020.0,49.96135157654894
12.29,0.0,20795280.0,49.96118489246156
12.3,0.0,20792520.0,49.9610229592769
12.31,0.0,20789770.0,49.96086574872079
12.32,0.0,20787020.0,49.96071322798966
12.33,0.0,20784270.0,49.96056535931958
12.34,0.0,20781520.0,49.960422099785426
12.35,0.0,20778770.0,49.96028340120134
12.36,0.0,20776020.0,49.96014921005999
12.37,0.0,20773270.0,49.96001946735452
12.38,0.0,20770510.0,49.95989410849404
12.39,0.0,20767760.0,49.95977306347764
12.4,0.0,20765010.0,49.959656256935816
12.41,0.0,20762270.0,49.95954360823947
12.42,0.0,20759520.0,49.95943503164206
12.43,0.0,20756770.0,49.959330436410546
12.44,0.0,20754030.0,49.9592297272251
12.45,0.0,20751280.0,49.95913280435015
12.46,0.0,20748540.0,49.95903956397479
12.47,0.0,20745800.0,49.95894989861214
12.48,0.0,20743060.0,49.95886369740655
12.49,0.0,20740320.0,49.958780846608754
12.5,0.0,20737580.0,49.9587012299917
12.51,0.0,20734850.0,49.95862472936109
12.52,0.0,20732120.0,49.95855122491379
12.53,0.0,20729390.0,49.95848059565179
12.54,0.0,20726660.0,49.95841272001318
12.55,0.0,20723940.0,49.95834747632528
12.56,0.0,20721220.0,49.95828474327754
12.57,0.0,20718500.0,49.95822440037723
12.58,0.0,20715780.0,49.95816632834183
12.59,0.0,20713070.0,49.958110409634166
12.6,0.0,20710360.0,49.95805652895574
12.61,0.0,20707660.0,49.95800457364254
12.62,0.0,20704960.0,49.95795443397137
12.63,0.0,20702260.0,49.957906003541325
12.64,0.0,20699570.0,49.95785917968398
12.65,0.0,20696880.0,49.95781386376245
12.66,0.0,20694190.0,49.95776996144253
12.67,0.0,20691510.0,49.95772738300564
12.68,0.0,20688830.0,49.957686043459795
12.69,0.0,20686160.0,49.95764586273219
12.7,0.0,20683490.0,49.95760676586684
12.71,0.0,20680830.0,49.95756868312024
12.72,0.0,20678170.0,49.95753154993587
12.73,0.0,20675520.0,49.95749530706978
12.74,0.0,20672870.0,49.95745990062343
12.75,0.0,20670230.0,49.95742528184864
12.76,0.0,20667590.0,49.957391407231825
12.77,0.0,20664960.0,49.95735823827554
12.78,0.0,20662330.0,49.95732574138218
12.79,0.0,20659710.0,49.95729388780687
12.8,0.0,20657090.0,49.957262653291004
12.81,0.0,20654490.0,49.95723201792861
12.82,0.0,20651880.0,49.95720196589541
12.83,0.0,20649280.0,49.95717248511813
12.84,0.0,20646690.0,49.957143567138985
12.85,0.0,20644110.0,49.95711520671192
12.86,0.0,20641530.0,49.957087401504694
12.87,0.0,20638960.0,49.95706015183337
12.88,0.0,20636390.0,49.95703346025177
12.89,0.0,20633830.0,49.95700733129533
12.9,0.0,20631280.0,49.95698177112578
12.91,0.0,20628740.0,49.9569567871233
12.92,0.0,20626200.0,49.956932387639085
12.93,0.0,20623670.0,49.956908581655604
12.94,0.0,20621140.0,49.95688537847399
12.95,0.0,20618620.0,49.95686278739874
12.96,0.0,20616110.0,49.95684081745272
12.97,0.0,20613610.0,49.95681947709281
12.98,0.0,20611110.0,49.956798773959
12.99,0.0,20608620.0,49.95677871462744
13.0,0.0,20606140.0,49.956759304472435
13.01,0.0,20603670.0,49.956740547365115
13.02,0.0,20601200.0,49.95672244552634
13.03,0.0,20598740.0,49.95670499942836
13.04,0.0,20596290.0,49.95668820766957
13.05,0.0,20593850.0,49.95667206684585
13.06,0.0,20591410.0,49.95665657133343
13.07,0.0,20588980.0,49.95664171340691
13.08,0.0,20586560.0,49.956627483180775
13.09,0.0,20584150.0,49.95661386853639
13.1,0.0,20581740.0,49.9566008552862
13.11,0.0,20579340.0,49.95658842703331
13.12,0.0,20576950.0,49.95657656526806
13.13,0.0,20574570.0,49.95656524958086
13.14,0.0,20572200.0,49.95655445767162
13.15,0.0,20569830.0,49.956544165390824
13.16,0.0,20567470.0,49.95653434696759
13.17,0.0,20565120.0,49.956524975135736
13.18,0.0,20562780.0,49.956516021305845
13.19,0.0,20560440.0,49.956507455717954
13.2,0.0,20558110.0,49.956499247562554
13.21,0.0,20555790.0,49.95649136532177
13.22,0.0,20553480.0,49.95648377686127
13.23,0.0,20551180.0,49.95647644957068
13.24,0.0,20548880.0,49.956469350645186
13.25,0.0,20546590.0,49.95646244728173
13.26,0.0,20544310.0,49.956455706875275
13.27,0.0,20542040.0,49.956449097212506
13.28,0.0,20539780.0,49.95644258666142
13.29,0.0,20537520.0,49.95643614435474
13.3,0.0,20535270.0,49.95642974036604
13.31,0.0,20533030.0,49.95642334580328
13.32,0.0,20530800.0,49.95641693306283
13.33,0.0,20528570.0,49.95641047595513
13.34,0.0,20526360.0,49.9564039498506
13.35,0.0,20524150.0,49.95639733178139
13.36,0.0,20521950.0,49.95639060048753
13.37,0.0,20519750.0,49.9563837365878
13.38,0.0,20517570.0,49.9563767226501
13.39,0.0,20515390.0,49.95636954317419
13.4,0.0,20513220.0,49.95636218473019
13.41,0.0,20511050.0,49.956354635964864
13.42,0.0,20508900.0,49.956346887551625
13.43,0.0,20506750.0,49.956338932265396
13.44,0.0,20504610.0,49.95633076488374
13.45,0.0,20502470.0,49.956322382172374
13.46,0.0,20500350.0,49.95631378291127
13.47,0.0,20498230.0,49.95630496782372
13.48,0.0,20496120.0,49.956295939421516
13.49,0.0,20494010.0,49.95628670193718
13.5,0.0,20491920.0,49.95627726130026
13.51,0.0,20489830.0,49.95626762494645
13.52,0.0,20487740.0,49.95625780171779
13.53,0.0,20485670.0,49.95624780173717
13.54,0.0,20483600.0,49.95623763621671
13.55,0.0,20481540.0,49.956227317488676
13.56,0.0,20479480.0,49.95621685875878
13.57,0.0,20477430.0,49.95620627391653
13.58,0.0,20475390.0,49.95619557754013
13.59,0.0,20473360.0,49.956184784659236
13.6,0.0,20471330.0,49.956173910546795
13.61,0.0,20469310.0,49.956162970593574
13.62,0.0,20467300.0,49.956151980254724
13.63,0.0,20465290.0,49.95614095489965
13.64,0.0,20463290.0,49.956129909684485
13.65,0.0,20461290.0,49.956118859341686
13.66,0.0,20459300.0,49.956107818016946
13.67,0.0,20457320.0,49.9560967993234
13.68,0.0,20455340.0,49.95608581621852
13.69,0.0,20453370.0,49.956074880835395
13.7,0.0,20451410.0,49.95606400433378
13.71,0.0,20449450.0,49.95605319692966
13.72,0.0,20447500.0,49.95604246789012
13.73,0.0,20445550.0,49.9560318253251
13.74,0.0,20443610.0,49.95602127624686
13.75,0.0,20441670.0,49.95601082652157
13.76,0.0,20439740.0,49.95600048078977
13.77,0.0,20437820.0,49.95599024253742
13.78,0.0,20435900.0,49.955980114017954
13.79,0.0,20433990.0,49.95597009635729
13.8,0.0,20432080.0,49.955960189478226
13.81,0.0,20430180.0,49.9559503921653
13.82,0.0,20428280.0,49.955940702088455
13.83,0.0,20426380.0,49.95593111588057
13.84,0.0,20424500.0,49.95592162924785
13.85,0.0,20422610.0,49.9559122368883
13.86,0.0,20420730.0,49.955902932583754
13.87,0.0,20418860.0,49.955893709365704
13.88,0.0,20416990.0,49.95588455965814
13.89,0.0,20415120.0,49.95587547519614
13.9,0.0,20413260.0,49.95586644714792
13.91,0.0,20411410.0,49.95585746620284
13.92,0.0,20409550.0,49.95584852268968
13.93,0.0,20407710.0,49.95583960673572
13.94,0.0,20405860.0,49.9558307082842
13.95,0.0,20404020.0,49.95582181719576
13.96,0.0,20402190.0,49.955812923346116
13.97,0.0,20400350.0,49.95580401672015
13.98,0.0,20398520.0,49.95579508742802
13.99,0.0,20396700.0,49.955786125888686
14.0,0.0,20394880.0,49.95577712289109
14.01,0.0,20393060.0,49.955768069535104
14.02,0.0,20391240.0,49.95575895747967
14.03,0.0,20389430.0,49.955749778981726
14.04,0.0,20387620.0,49.95574052688948
14.05,0.0,20385820.0,49.95573119469685
14.06,0.0,20384010.0,49.95572177653042
14.07,0.0,20382210.0,49.955712267283275
14.08,0.0,20380420.0,49.95570266271274
14.09,0.0,20378620.0,49.95569295930081
14.1,0.0,20376830.0,49.95568315430729
14.11,0.0,20375040.0,49.95567324592668
14.12,0.0,20373250.0,49.95566323312222
14.13,0.0,20371470.0,49.955653115653995
14.14,0.0,20369690.0,49.955642894064454
14.15,0.0,20367910.0,49.95563256968597
14.16,0.0,20366130.0,49.95562214460846
14.17,0.0,20364350.0,49.955611621671196
14.18,0.0,20362580.0,49.95560100449031
14.19,0.0,20360800.0,49.955590297265786
14.2,0.0,20359030.0,49.955579504767314
14.21,0.0,20357260.0,49.95556863236837
14.22,0.0,20355490.0,49.955557685990556
14.23,0.0,20353720.0,49.95554667197187
14.24,0.0,20351960.0,49.95553559703093
14.25,0.0,20350190.0,49.95552446820983
14.26,0.0,20348430.0,49.95551329282863
14.27,0.0,20346670.0,49.955502078495535
14.28,0.0,20344900.0,49.95549083295873
14.29,0.0,20343140.0,49.95547956398521
14.3,0.0,20341380.0,49.955468279394516
14.31,0.0,20339620.0,49.955456986990264
14.32,0.0,20337860.0,49.95544569443492
14.33,0.0,20336100.0,49.95543440920916
14.34,0.0,20334340.0,49.95542313864368
14.35,0.0,20332590.0,49.95541188985298
14.36,0.0,20330830.0,49.95540066954163
14.37,0.0,20329070.0,49.955389484070146
14.38,0.0,20327310.0,49.95537833947753
14.39,0.0,20325550.0,49.955367241366325
14.4,0.0,20323790.0,49.95535619480337
14.41,0.0,20322030.0,49.955345204395314
14.42,0.0,20320270.0,49.955334274249566
14.43,0.0,20318510.0,49.95532340789761
14.44,0.0,20316750.0,49.95531260836388
14.45,0.0,20314990.0,49.95530187807884
14.46,0.0,20313230.0,49.95529121897018
14.47,0.0,20311470.0,49.95528063236725
14.48,0.0,20309710.0,49.95527011904142
14.49,0.0,20307940.0,49.95525967920052
14.5,0.0,20306180.0,49.9552493125328
14.51,0.0,20304410.0,49.95523901820589
14.52,0.0,20302640.0,49.955228794916046
14.53,0.0,20300870.0,49.955218640892355
14.54,0.0,20299100.0,49.95520855387663
14.55,0.0,20297330.0,49.955198531230906
14.56,0.0,20295560.0,49.95518856990201
14.57,0.0,20293780.0,49.955178666546175
14.58,0.0,20292010.0,49.955168817553584
14.59,0.0,20290230.0,49.955159018943256
14.6,0.0,20288450.0,49.955149266515086
14.61,0.0,20286670.0,49.95513955602996
14.62,0.0,20284880.0,49.95512988307533
14.63,0.0,20283100.0,49.95512024306038
14.64,0.0,20281310.0,49.95511063134873
14.65,0.0,20279520.0,49.955101043301795
14.66,0.0,20277730.0,49.955091474321016
14.67,0.0,20275930.0,49.9550819198885
14.68,0.0,20274130.0,49.9550723755314
14.69,0.0,20272340.0,49.95506283695697
14.7,0.0,20270530.0,49.955053300067014
14.71,0.0,20268730.0,49.95504376092848
14.72,0.0,20266920.0,49.95503421588316
14.73,0.0,20265110.0,49.95502466149405
14.74,0.0,20263300.0,49.955015094588944
14.75,0.0,20261490.0,49.955005512356436
14.76,0.0,20259670.0,49.95499591227966
14.77,0.0,20257850.0,49.954986292167916
14.78,0.0,20256030.0,49.95497665024115
14.79,0.0,20254200.0,49.954966985052465
14.8,0.0,20252370.0,49.95495729550885
14.81,0.0,20250540.0,49.954947580870495
14.82,0.0,20248710.0,49.954937840687144
14.83,0.0,20246870.0,49.954928074887455
14.84,0.0,20245030.0,49.95491828383665
14.85,0.0,20243180.0,49.95490846823481
14.86,0.0,20241340.0,49.95489862904095
14.87,0.0,20239490.0,49.95488876755063
14.88,0.0,20237630.0,49.95487888536804
14.89,0.0,20235770.0,49.954868984318125
14.9,0.0,20233910.0,49.954859066514565
14.91,0.0,20232050.0,49.95484913432365
14.92,0.0,20230180.0,49.95483919034402
14.93,0.0,20228310.0,49.95482923729561
14.94,0.0,20226440.0,49.95481927802283
14.95,0.0,20224560.0,49.95480931561066
14.96,0.0,20222680.0,49.95479935318322
14.97,0.0,20220800.0,49.954789393905564
14.98,0.0,20218910.0,49.95477944102466
14.99,0.0,20217020.0,49.954769497766335
15.0,0.0,20215120.0,49.95475956731792
15.01,0.0,20213220.0,49.95474965288349
15.02,0.0,20211320.0,49.95473975763961
15.03,0.0,20209410.0,49.954729884636144
15.04,0.0,20207500.0,49.95472003678284
15.05,0.0,20205590.0,49.95471021690944
15.06,0.0,20203670.0,49.95470042765198
15.07,0.0,20201750.0,49.95469067145814
15.08,0.0,20199830.0,49.954680950635336
15.09,0.0,20197900.0,49.9546712673319
15.1,0.0,20195970.0,49.95466162343276
15.11,0.0,20194040.0,49.95465202057396
15.12,0.0,20192100.0,49.954642460124596
15.13,0.0,20190160.0,49.95463294320125
15.14,0.0,20188210.0,49.9546234708007
15.15,0.0,20186260.0,49.95461404361875
15.16,0.0,20184310.0,49.95460466207605
15.17,0.0,20182350.0,49.95459532638585
15.18,0.0,20180390.0,49.95458603648004
15.19,0.0,20178430.0,49.954576792022735
15.2,0.0,20176460.0,49.9545675924983
15.21,0.0,20174490.0,49.95455843720061
15.22,0.0,20172520.0,49.95454932516799
15.23,0.0,20170540.0,49.954540255279575
15.24,0.0,20168560.0,49.954531226251184
15.25,0.0,20166580.0,49.95452223657607
15.26,0.0,20164590.0,49.95451328455113
15.27,0.0,20162600.0,49.954504368375986
15.28,0.0,20160610.0,49.954495486226776
15.29,0.0,20158610.0,49.95448663617512
15.3,0.0,20156610.0,49.95447781613767
15.31,0.0,20154610.0,49.954469023908665
15.32,0.0,20152610.0,49.95446025733872
15.33,0.0,20150600.0,49.9544515142379
15.34,0.0,20148580.0,49.95444279234095
15.35,0.0,20146570.0,49.95443408947332
15.36,0.0,20144550.0,49.95442540347178
15.37,0.0,20142530.0,49.95441673220904
15.38,0.0,20140510.0,49.9544080736762
15.39,0.0,20138480.0,49.954399425906274
15.4,0.0,20136460.0,49.95439078699984
15.41,0.0,20134420.0,49.954382155132414
15.42,0.0,20132390.0,49.95437352865098
15.43,0.0,20130360.0,49.95436490605353
15.44,0.0,20128320.0,49.95435628592831
15.45,0.0,20126280.0,49.954347666961304
15.46,0.0,20124230.0,49.954339048031194
15.47,0.0,20122190.0,49.95433042826146
15.48,0.0,20120140.0,49.95432180685688
15.49,0.0,20118090.0,49.954313183127276
15.5,0.0,20116040.0,49.95430455664006
15.51,0.0,20113990.0,49.954295927111616
15.52,0.0,20111930.0,49.95428729434394
15.53,0.0,20109880.0,49.95427865837774
15.54,0.0,20107820.0,49.954270019382996
15.55,0.0,20105760.0,49.95426137766938
15.56,0.0,20103690.0,49.95425273373832
15.57,0.0,20101630.0,49.95424408819174
15.58,0.0,20099560.0,49.95423544172725
15.59,0.0,20097500.0,49.954226795131376
15.6,0.0,20095430.0,49.95421814934634
15.61,0.0,20093360.0,49.95420950543653
15.62,0.0,20091290.0,49.95420086449912
15.63,0.0,20089210.0,49.95419222773522
15.64,0.0,20087140.0,49.954183596419135
15.65,0.0,20085070.0,49.95417497188618
15.66,0.0,20082990.0,49.95416635550608
15.67,0.0,20080910.0,49.954157748598746
15.68,0.0,20078830.0,49.95414915250954
15.69,0.0,20076760.0,49.954140568657316
15.7,0.0,20074680.0,49.95413199842606
15.71,0.0,20072600.0,49.95412344316163
15.72,0.0,20070510.0,49.95411490415254
15.73,0.0,20068430.0,49.95410638262726
15.74,0.0,20066350.0,49.95409787981131
15.75,0.0,20064270.0,49.954089396901665
15.76,0.0,20062180.0,49.95408093497076
15.77,0.0,20060100.0,49.954072494973666
15.78,0.0,20058020.0,49.954064077813285
15.79,0.0,20055930.0,49.954055684246576
15.8,0.0,20053850.0,49.954047314969685
15.81,0.0,20051760.0,49.95403897058658
15.82,0.0,20049680.0,49.95403065161364
15.83,0.0,20047590.0,49.954022358455
15.84,0.0,20045500.0,49.95401409133716
15.85,0.0,20043420.0,49.95400585046356
15.86,0.0,20041330.0,49.95399763590854
15.87,0.0,20039250.0,49.95398944763373
15.88,0.0,20037160.0,49.953981285473176
15.89,0.0,20035080.0,49.9539731491516
15.9,0.0,20033000.0,49.95396503834683
15.91,0.0,20030910.0,49.953956952610106
15.92,0.0,20028830.0,49.95394889145043
15.93,0.0,20026750.0,49.95394085424308
15.94,0.0,20024660.0,49.953932840258055
15.95,0.0,20022580.0,49.953924848805784
15.96,0.0,20020500.0,49.95391687906414
15.97,0.0,20018420.0,49.95390893011283
15.98,0.0,20016340.0,49.953901001083445
15.99,0.0,20014270.0,49.95389309106516
16.0,0.0,20012190.0,49.953885199041814
16.01,0.0,20010110.0,49.95387732398865
16.02,0.0,20008040.0,49.95386946494128
16.03,0.0,20005960.0,49.95386162090713
16.04,0.0,20003890.0,49.95385379088187
16.05,0.0,20001820.0,49.953845973849106
16.06,0.0,19999750.0,49.95383816887106
16.07,0.0,19997680.0,49.95383037498781
16.08,0.0,19995620.0,49.95382259125199
16.09,0.0,19993550.0,49.953814816789254
16.1,0.0,19991490.0,49.953807050805814
16.11,0.0,19989430.0,49.95379929256703
16.12,0.0,19987370.0,49.95379154133452
16.13,0.0,19985310.0,49.9537837964478
16.14,0.0,19983250.0,49.953776057243196
16.15,0.0,19981200.0,49.95376832315018
16.16,0.0,19979140.0,49.953760593743795
16.17,0.0,19977090.0,49.95375286865599
16.18,0.0,19975050.0,49.953745147575596
16.19,0.0,19973000.0,49.95373743024773
16.2,0.0,19970960.0,49.95372971654819
16.21,0.0,19968920.0,49.95372200638194
16.22,0.0,19966880.0,49.953714299701296
16.23,0.0,19964840.0,49.95370659656587
16.24,0.0,19962810.0,49.95369889713353
16.25,0.0,19960780.0,49.953691201562854
16.26,0.0,19958750.0,49.953683510033784
16.27,0.0,19956730.0,49.95367582288468
16.28,0.0,19954700.0,49.95366814050406
16.29,0.0,19952680.0,49.953660463253755
16.3,0.0,19950670.0,49.953652791552024
16.31,0.0,19948660.0,49.953645125928766
16.32,0.0,19946650.0,49.95363746692285
16.33,0.0,19944640.0,49.95362981500911
16.34,0.0,19942640.0,49.953622170760156
16.35,0.0,19940640.0,49.95361453480377
16.36,0.0,19938640.0,49.95360690766667
16.37,0.0,19936650.0,49.95359928994131
16.38,0.0,19934660.0,49.95359168224685
16.39,0.0,19932670.0,49.95358408515152
16.4,0.0,19930690.0,49.95357649924167
16.41,0.0,19928710.0,49.953568925105145
16.42,0.0,19926740.0,49.953561363317824
16.43,0.0,19924770.0,49.95355381443244
16.44,0.0,19922800.0,49.953546278969135
16.45,0.0,19920840.0,49.95353875740764
16.46,0.0,19918880.0,49.953531250104696
16.47,0.0,19916930.0,49.9535237574645
16.48,0.0,19914980.0,49.95351627988935
16.49,0.0,19913030.0,49.95350881763337
16.5,0.0,19911090.0,49.953501370964254
16.51,0.0,19909150.0,49.953493940135644
16.52,0.0,19907220.0,49.953486525305095
16.53,0.0,19905290.0,49.95347912653958
16.54,0.0,19903370.0,49.95347174389565
16.55,0.0,19901450.0,49.95346437739842
16.56,0.0,19899540.0,49.953457027040656
16.57,0.0,19897630.0,49.95344969276818
16.58,0.0,19895730.0,49.953442374483664
16.59,0.0,19893830.0,49.9534350720357
16.6,0.0,19891940.0,49.95342778522538
16.61,0.0,19890050.0,49.953420513797816
16.62,0.0,19888170.0,49.95341325745062
16.63,0.0,19886300.0,49.95340601590289
16.64,0.0,19884420.0,49.95339878880471
16.65,0.0,19882560.0,49.95339157575157
16.66,0.0,19880700.0,49.953384376357675
16.67,0.0,19878840.0,49.9533771902446
16.68,0.0,19876990.0,49.95337001695795
16.69,0.0,19875150.0,49.953362856062796
16.7,0.0,19873310.0,49.953355707120586
16.71,0.0,19871480.0,49.9533485696251
16.72,0.0,19869660.0,49.95334144316016
16.73,0.0,19867840.0,49.953334327293994
16.74,0.0,19866020.0,49.95332722152052
16.75,0.0,19864220.0,49.95332012534501
16.76,0.0,19862420.0,49.95331303835746
16.77,0.0,19860620.0,49.953305960207004
16.78,0.0,19858830.0,49.95329889044551
16.79,0.0,19857050.0,49.95329182863538
16.8,0.0,19855270.0,49.953284774410875
16.81,0.0,19853510.0,49.95327772747145
16.82,0.0,19851740.0,49.95327068756306
16.83,0.0,19849990.0,49.95326365440228
16.84,0.0,19848240.0,49.95325662768665
16.85,0.0,19846500.0,49.95324960717845
16.86,0.0,19844760.0,49.95324259268592
16.87,0.0,19843030.0,49.953235584063485
16.88,0.0,19841310.0,49.953228581197656
16.89,0.0,19839600.0,49.9532215840101
16.9,0.0,19837890.0,49.95321459244561
16.91,0.0,19836190.0,49.95320760647659
16.92,0.0,19834490.0,49.95320062609206
16.93,0.0,19832810.0,49.95319365130291
16.94,0.0,19831130.0,49.95318668220736
16.95,0.0,19829460.0,49.953179718895974
16.96,0.0,19827790.0,49.95317276146156
16.97,0.0,19826140.0,49.953165810067624
16.98,0.0,19824490.0,49.95315886485566
16.99,0.0,19822850.0,49.95315192595658
17.0,0.0,19821210.0,49.95314499356057
17.01,0.0,19819590.0,49.95313806790137
17.02,0.0,19817970.0,49.953131149243966
17.03,0.0,19816360.0,49.953124237874626
17.04,0.0,19814750.0,49.95311733401638
17.05,0.0,19813160.0,49.95311043784672
17.06,0.0,19811570.0,49.95310354964806
17.07,0.0,19809990.0,49.95309666969507
17.08,0.0,19808420.0,49.95308979818937
17.09,0.0,19806860.0,49.95308293541561
17.1,0.0,19805300.0,49.95307608163246
17.11,0.0,19803750.0,49.95306923701037
17.12,0.0,19802220.0,49.953062401789985
17.13,0.0,19800680.0,49.95305557617509
17.14,0.0,19799160.0,49.953048760348224
17.15,0.0,19797650.0,49.953041954529766
17.16,0.0,19796140.0,49.9530351588924
17.17,0.0,19794640.0,49.953028373564436
17.18,0.0,19793160.0,49.95302159870821
17.19,0.0,19791670.0,49.95301483442079
17.2,0.0,19790200.0,49.95300808075556
17.21,0.0,19788740.0,49.953001337786226
17.22,0.0,19787280.0,49.9529946055252
17.23,0.0,19785840.0,49.95298788400663
17.24,0.0,19784400.0,49.95298117326688
17.25,0.0,19782970.0,49.95297447326807
17.26,0.0,19781550.0,49.95296778398486
17.27,0.0,19780140.0,49.95296110538775
17.28,0.0,19778730.0,49.95295443736904
17.29,0.0,19777340.0,49.95294777975503
17.3,0.0,19775950.0,49.952941132391956
17.31,0.0,19774570.0,49.952934495205405
17.32,0.0,19773210.0,49.95292786810147
17.33,0.0,19771850.0,49.95292125089876
17.34,0.0,19770500.0,49.952914643421245
17.35,0.0,19769150.0,49.95290804548645
17.36,0.0,19767820.0,49.95290145691149
17.37,0.0,19766500.0,49.952894877503674
17.38,0.0,19765180.0,49.952888306991916
17.39,0.0,19763880.0,49.95288174511979
17.4,0.0,19762580.0,49.95287519171003
17.41,0.0,19761290.0,49.95286864656967
17.42,0.0,19760010.0,49.952862109501275
17.43,0.0,19758740.0,49.95285558029715
17.44,0.0,19757480.0,49.95284905874963
17.45,0.0,19756230.0,49.95284254464489
17.46,0.0,19754990.0,49.952836037772826
17.47,0.0,19753760.0,49.95282953792064
17.48,0.0,19752530.0,49.952823044882635
17.49,0.0,19751320.0,49.95281655852985
17.5,0.0,19750110.0,49.952810078718585
17.51,0.0,19748920.0,49.95280360530391
17.52,0.0,19747730.0,49.95279713813551
17.53,0.0,19746550.0,49.95279067706885
17.54,0.0,19745380.0,49.952784221959575
17.55,0.0,19744220.0,49.952777772673656
17.56,0.0,19743070.0,49.952771329157244
17.57,0.0,19741930.0,49.95276489134499
17.58,0.0,19740800.0,49.952758459173374
17.59,0.0,19739670.0,49.95275203265248
17.6,0.0,19738560.0,49.95274561177564
17.61,0.0,19737460.0,49.952739196533564
17.62,0.0,19736360.0,49.95273278691028
17.63,0.0,19735270.0,49.95272638289434
17.64,0.0,19734200.0,49.95271998454916
17.65,0.0,19733130.0,49.95271359192155
17.66,0.0,19732070.0,49.95270720505491
17.67,0.0,19731020.0,49.95270082398455
17.68,0.0,19729980.0,49.95269444874819
17.69,0.0,19728950.0,49.95268807945587
17.7,0.0,19727930.0,49.95268171619798
17.71,0.0,19726920.0,49.952675359058176
17.72,0.0,19725920.0,49.95266900818483
17.73,0.0,19724920.0,49.95266266370002
17.74,0.0,19723940.0,49.952656325636795
17.75,0.0,19722960.0,49.952649994112406
17.76,0.0,19721990.0,49.952643669217444
17.77,0.0,19721040.0,49.9526373510434
17.78,0.0,19720090.0,49.952631039736794
17.79,0.0,19719150.0,49.952624735423754
17.8,0.0,19718220.0,49.95261843820682
17.81,0.0,19717300.0,49.95261214810011
17.82,0.0,19716390.0,49.95260586520131
17.83,0.0,19715490.0,49.95259958965653
17.84,0.0,19714590.0,49.9525933215095
17.85,0.0,19713710.0,49.95258706080063
17.86,0.0,19712840.0,49.95258080763539
17.87,0.0,19711970.0,49.95257456209129
17.88,0.0,19711110.0,49.95256832415388
17.89,0.0,19710260.0,49.95256209381297
17.9,0.0,19709430.0,49.95255587112929
17.91,0.0,19708600.0,49.95254965614026
17.92,0.0,19707780.0,49.952543448871836
17.93,0.0,19706960.0,49.952543448871836
17.94,0.0,19706160.0,49.952537218554596
17.95,0.0,19705370.0,49.952530944690224
17.96,0.0,19704580.0,49.95252463959606
17.97,0.0,19703810.0,49.9525183127041
17.98,0.0,19703040.0,49.95251197136603
17.99,0.0,19702280.0,49.9525056214884
18.0,0.0,19701530.0,49.95249926796294
18.01,0.0,19700790.0,49.95249291475283
18.02,0.0,19700060.0,49.952486565191485
18.03,0.0,19699340.0,49.95248022209206
18.04,0.0,19698620.0,49.952473887793566
18.05,0.0,19697920.0,49.952467564309984
18.06,0.0,19697220.0,49.952461253387504
18.07,0.0,19696530.0,49.95245495653295
18.08,0.0,19695850.0,49.952448674972835
18.09,0.0,19695180.0,49.95244240976761
18.1,0.0,19694520.0,49.9524361618157
18.11,0.0,19693870.0,49.952429931795486
18.12,0.0,19693220.0,49.9524237201909
18.13,0.0,19692580.0,49.95241752738872
18.14,0.0,19691960.0,49.95241135367083
18.15,0.0,19691340.0,49.95240519914836
18.16,0.0,19690720.0,49.95239906378172
18.17,0.0,19690120.0,49.952392947397534
18.18,0.0,19689530.0,49.952386849780105
18.19,0.0,19688940.0,49.95238077058331
18.2,0.0,19688360.0,49.952374709363454
18.21,0.0,19687790.0,49.95236866557718
18.22,0.0,19687230.0,49.95236263861095
18.23,0.0,19686670.0,49.95235662785335
18.24,0.0,19686120.0,49.952350632544764
18.25,0.0,19685590.0,49.95234465189381
18.26,0.0,19685050.0,49.95233868507006
18.27,0.0,19684530.0,49.95233273115309
18.28,0.0,19684010.0,49.95232678922677
18.29,0.0,19683510.0,49.95232085838423
18.3,0.0,19683010.0,49.95231493773414
18.31,0.0,19682510.0,49.95230902633044
18.32,0.0,19682030.0,49.95230312320425
18.33,0.0,19681550.0,49.95229722745179
18.34,0.0,19681080.0,49.952291338157636
18.35,0.0,19680610.0,49.95228545442159
18.36,0.0,19680150.0,49.95227957536591
18.37,0.0,19679700.0,49.95227370015671
18.38,0.0,19679260.0,49.952267828007294
18.39,0.0,19678820.0,49.9522619581963
18.4,0.0,19678390.0,49.95225609006813
18.41,0.0,19677970.0,49.95225022297191
18.42,0.0,19677550.0,49.952244356361305
18.43,0.0,19677140.0,49.952238489787504
18.44,0.0,19676740.0,49.95223262283234
18.45,0.0,19676340.0,49.95222675512641
18.46,0.0,19675950.0,49.95222088636248
18.47,0.0,19675570.0,49.95221501638254
18.48,0.0,19675190.0,49.952209145083756
18.49,0.0,19674810.0,49.95220327236774
18.5,0.0,19674440.0,49.95219739823204
18.51,0.0,19674080.0,49.952191522769986
18.52,0.0,19673730.0,49.952185646170214
18.53,0.0,19673380.0,49.95217976871506
18.54,0.0,19673030.0,49.95217389070168
18.55,0.0,19672690.0,49.95216801246379
18.56,0.0,19672360.0,49.952162134448926
18.57,0.0,19672030.0,49.952156257130554
18.58,0.0,19671700.0,49.952150381022925
18.59,0.0,19671380.0,49.95214450667663
18.6,0.0,19671070.0,49.952138634687806
18.61,0.0,19670760.0,49.952132765689605
18.62,0.0,19670450.0,49.952126900281726
18.63,0.0,19670150.0,49.95212103904435
18.64,0.0,19669850.0,49.95211518262385
18.65,0.0,19669560.0,49.95210933171366
18.66,0.0,19669270.0,49.95210348697657
18.67,0.0,19668990.0,49.95209764905318
18.68,0.0,19668710.0,49.95209181856711
18.69,0.0,19668430.0,49.95208599612791
18.7,0.0,19668160.0,49.95208018233253
18.71,0.0,19667890.0,49.95207437776578
18.72,0.0,19667630.0,49.952068582999985
18.73,0.0,19667370.0,49.95206279851755
18.74,0.0,19667110.0,49.95205702473474
18.75,0.0,19666860.0,49.95205126208159
18.76,0.0,19666600.0,49.952045510917074
18.77,0.0,19666360.0,49.95203977154798
18.78,0.0,19666110.0,49.952034044228746
18.79,0.0,19665870.0,49.952028329175775
18.8,0.0,19665630.0,49.95202262656437
18.81,0.0,19665390.0,49.95201693646431
18.82,0.0,19665160.0,49.9520112589368
18.83,0.0,19664920.0,49.952005594025444
18.84,0.0,19664690.0,49.9519999416878
18.85,0.0,19664470.0,49.951994301812796
18.86,0.0,19664240.0,49.951988674311195
18.87,0.0,19664020.0,49.95198305902526
18.88,0.0,19663800.0,49.95197745568197
18.89,0.0,19663580.0,49.951971863989186
18.9,0.0,19663360.0,49.95196628364085
18.91,0.0,19663140.0,49.95196071432206
18.92,0.0,19662930.0,49.95195515571426
18.93,0.0,19662710.0,49.951949607423174
18.94,0.0,19662500.0,49.95194406900837
18.95,0.0,19662290.0,49.951938539992064
18.96,0.0,19662080.0,49.951933019881196
18.97,0.0,19661870.0,49.95192750824792
18.98,0.0,19661660.0,49.95192200464626
18.99,0.0,19661460.0,49.95191650855642
19.0,0.0,19661250.0,49.95191101948866
19.01,0.0,19661040.0,49.951905536979766
19.02,0.0,19660840.0,49.95190006060589
19.03,0.0,19660630.0,49.95189458990204
19.04,0.0,19660430.0,49.95188912439911
19.05,0.0,19660230.0,49.95188366370038
19.06,0.0,19660020.0,49.951878207409166
19.07,0.0,19659820.0,49.95187275514344
19.08,0.0,19659610.0,49.95186730654708
19.09,0.0,19659410.0,49.95186186129877
19.1,0.0,19659200.0,49.951856419042315
19.11,0.0,19659000.0,49.95185097949387
19.12,0.0,19658790.0,49.9518455424257
19.13,0.0,19658590.0,49.95184010768309
19.14,0.0,19658380.0,49.951834675168264
19.15,0.0,19658180.0,49.95182924470327
19.16,0.0,19657970.0,49.951823816139715
19.17,0.0,19657760.0,49.95181838943507
19.18,0.0,19657550.0,49.95181296456508
19.19,0.0,19657340.0,49.95180754154037
19.2,0.0,19657130.0,49.95180212048065
19.21,0.0,19656920.0,49.951796701448345
19.22,0.0,19656700.0,49.95179128456488
19.23,0.0,19656490.0,49.95178586998584
19.24,0.0,19656270.0,49.95178045784845
19.25,0.0,19656050.0,49.95177504834742
19.26,0.0,19655830.0,49.95176964166102
19.27,0.0,19655610.0,49.95176423803969
19.28,0.0,19655390.0,49.95175883771273
19.29,0.0,19655170.0,49.951753440914736
19.3,0.0,19654940.0,49.95174804795236
19.31,0.0,19654710.0,49.951742659123724
19.32,0.0,19654480.0,49.951737274725176
19.33,0.0,19654250.0,49.95173189505574
19.34,0.0,19654020.0,49.95172652041968
19.35,0.0,19653780.0,49.95172115112801
19.36,0.0,19653540.0,49.951715787498955
19.37,0.0,19653300.0,49.95171042985779
19.38,0.0,19653060.0,49.9517050784594
19.39,0.0,19652810.0,49.951699733588825
19.4,0.0,19652570.0,49.951694395539484
19.41,0.0,19652320.0,49.95168906454847
19.42,0.0,19652060.0,49.95168374080135
19.43,0.0,19651810.0,49.95167842452658
19.44,0.0,19651550.0,49.951673115969285
19.45,0.0,19651290.0,49.95166781524685
19.46,0.0,19651030.0,49.95166252252986
19.47,0.0,19650760.0,49.95165723801288
19.48,0.0,19650490.0,49.95165196176771
19.49,0.0,19650220.0,49.95164669384633
19.5,0.0,19649940.0,49.95164143435215
19.51,0.0,19649670.0,49.95163618334904
19.52,0.0,19649390.0,49.951630940875745
19.53,0.0,19649100.0,49.9516257069423
19.54,0.0,19648820.0,49.95162048154186
19.55,0.0,19648530.0,49.95161526464546
19.56,0.0,19648230.0,49.95161005613602
19.57,0.0,19647940.0,49.95160485590392
19.58,0.0,19647640.0,49.9515996639136
19.59,0.0,19647340.0,49.95159448010899
19.6,0.0,19647030.0,49.95158930434877
19.61,0.0,19646720.0,49.95158413642593
19.62,0.0,19646410.0,49.95157897615939
19.63,0.0,19646090.0,49.95157382338114
19.64,0.0,19645770.0,49.9515686779414
19.65,0.0,19645450.0,49.951563539698604
19.66,0.0,19645130.0,49.95155840844964
19.67,0.0,19644800.0,49.95155328394594
19.68,0.0,19644460.0,49.95154816598252
19.69,0.0,19644130.0,49.95154305438284
19.7,0.0,19643790.0,49.95153794892546
19.71,0.0,19643450.0,49.95153284943418
19.72,0.0,19643100.0,49.951527755763315
19.73,0.0,19642750.0,49.95152266772444
19.74,0.0,19642400.0,49.95151758517644
19.75,0.0,19642040.0,49.951512507933835
19.76,0.0,19641680.0,49.95150743579494
19.77,0.0,19641320.0,49.95150236861116
19.78,0.0,19640950.0,49.95149730628546
19.79,0.0,19640580.0,49.95149224875689
19.8,0.0,19640210.0,49.951487195926425
19.81,0.0,19639830.0,49.95148214766925
19.82,0.0,19639450.0,49.951477103920524
19.83,0.0,19639060.0,49.951472064580344
19.84,0.0,19638670.0,49.9514670295394
19.85,0.0,19638280.0,49.951461998822914
19.86,0.0,19637890.0,49.951456972485396
19.87,0.0,19637490.0,49.95145195053729
19.88,0.0,19637090.0,49.951446932957374
19.89,0.0,19636680.0,49.95144191970152
19.9,0.0,19636280.0,49.95143691078607
19.91,0.0,19635870.0,49.9514319063444
19.92,0.0,19635450.0,49.9514269064475
19.93,0.0,19635030.0,49.95142191113382
19.94,0.0,19634610.0,49.95141692047899
19.95,0.0,19634190.0,49.951411934594034
19.96,0.0,19633760.0,49.951406953609386
19.97,0.0,19633330.0,49.95140197767674
19.98,0.0,19632890.0,49.95139700695556
19.99,0.0,19632460.0,49.951392041539805
20.0,0.0,19632020.0,49.95138708154742
20.0,0.0,19632020.0,49.95138708154742
